pn,name,father_pn,linked_system_code,mtbf,eta,beta,mttr,number_of_parts_inbom
VTI,Viseur Tireur,,VTI,,,,,
POG082693,BOITIER ELECTRONIQUE VISEUR TIREUR,VTI,,61000,,,4,1
DR32740201AS-AC,CAMERA JOUR CCD PETIT CHAMP VTI,VTI,,200000,,,4,1
61156532BD,CAMERA THERMIQUE XP,VTI,,16772,2500,2,4,1
DR32740095AS-AB,SYSTEME ESSUIE-GLACE VTI,VTI,,68112,2100,3,2,1
DR32740169AS-AD,LUNETTE DE VISEE VTI,VTI,,14327,4200,1.5,8,1
61397225AD,MONITEUR VIDEO VTI,VTI,,9436,2650,2,2,2
DR33370005GA-AC,TELEMETRE LASER VTI,VTI,,40731,3850,2,4,1
