Logistic_code_number,Father_lcn,Logistic_batch_code,Name,Description,Function_name,Number_stock_max
VBCI,,,VBCI,VBCI,VBCI,
VTI,VBCI,,VTI,Viseur Tireur,Viseur Tireur,
POG082693,VTI,batch_0,POG082693,BOITIER ELECTRONIQUE VISEUR TIREUR,BOITIER ELECTRONIQUE VISEUR TIREUR,5
DR32740201AS-AC,VTI,batch_0,DR32740201AS-AC,CAMERA JOUR CCD PETIT CHAMP VTI,CAMERA JOUR CCD PETIT CHAMP VTI,5
61156532BD,VTI,batch_0,61156532BD,CAMERA THERMIQUE XP,CAMERA THERMIQUE XP,5
DR32740095AS-AB,VTI,batch_0,DR32740095AS-AB,SYSTEME ESSUIE-GLACE VTI,SYSTEME ESSUIE-GLACE VTI,5
DR32740169AS-AD,VTI,batch_0,DR32740169AS-AD,LUNETTE DE VISEE VTI,LUNETTE DE VISEE VTI,5
61397225AD,VTI,batch_0,61397225AD,MONITEUR VIDEO VTI (2 moniteurs),MONITEUR VIDEO VTI (2 moniteurs),5
DR33370005GA-AC,VTI,batch_0,DR33370005GA-AC,TELEMETRE LASER VTI,TELEMETRE LASER VTI,5
