PN,SN,FatherSN,Name,ResponsibleUnitsCode
VTI,1001,,,Regiment 54
VTI,1002,,,Regiment 54
VTI,1003,,,Regiment 54
VTI,1004,,,Regiment 54
VTI,1005,,,Regiment 54
VTI,1006,,,Regiment 54
VTI,1007,,,Regiment 54
VTI,1008,,,Regiment 54
VTI,1009,,,Regiment 54
VTI,1010,,,Regiment 54
VTI,1011,,,Regiment 54
VTI,1012,,,Regiment 54
VTI,1013,,,Regiment 54
VTI,1014,,,Regiment 54
VTI,1015,,,Regiment 54
POG082693,07ACW0004,1001,,Regiment 54
DR32740201AS-AC,07B7U0010,1001,,Regiment 54
61156532BD,500031,1001,,Regiment 54
DR32740095AS-AB,07PR6024,1001,,Regiment 54
DR32740169AS-AD,07B7U0008,1001,,Regiment 54
61397225AD,6506,1001,,Regiment 54
61397225AD,6501,1001,,Regiment 54
DR33370005GA-AC,07B7U0008,1001,,Regiment 54
POG082693,07ACW0005,1002,,Regiment 54
DR32740201AS-AC,07B7U0001,1002,,Regiment 54
61156532BD,500036,1002,,Regiment 54
DR32740095AS-AB,07PR6021,1002,,Regiment 54
DR32740169AS-AD,07B7U0005,1002,,Regiment 54
61397225AD,6519,1002,,Regiment 54
61397225AD,6504,1002,,Regiment 54
DR33370005GA-AC,07B7U0005,1002,,Regiment 54
POG082693,07ACW0009,1003,,Regiment 54
DR32740201AS-AC,07B7U0011,1003,,Regiment 54
61156532BD,500034,1003,,Regiment 54
DR32740095AS-AB,07PR6025,1003,,Regiment 54
DR32740169AS-AD,07B7U0009,1003,,Regiment 54
61397225AD,6502,1003,,Regiment 54
61397225AD,6513,1003,,Regiment 54
DR33370005GA-AC,07B7U0009,1003,,Regiment 54
POG082693,07ACW0001,1004,,Regiment 54
DR32740201AS-AC,07B7U0005,1004,,Regiment 54
61156532BD,500032,1004,,Regiment 54
DR32740095AS-AB,07PR6022,1004,,Regiment 54
DR32740169AS-AD,07B7U0006,1004,,Regiment 54
61397225AD,6590,1004,,Regiment 54
61397225AD,6520,1004,,Regiment 54
DR33370005GA-AC,07B7U0007,1004,,Regiment 54
POG082693,07ACW0003,1005,,Regiment 54
DR32740201AS-AC,07B7U0007,1005,,Regiment 54
61156532BD,500035,1005,,Regiment 54
DR32740095AS-AB,07PR6026,1005,,Regiment 54
DR32740169AS-AD,07B7U0010,1005,,Regiment 54
61397225AD,6542,1005,,Regiment 54
61397225AD,6508,1005,,Regiment 54
DR33370005GA-AC,08B7U0042,1005,,Regiment 54
POG082693,07ACW0010,1006,,Regiment 54
DR32740201AS-AC,07B7U0016,1006,,Regiment 54
61156532BD,500037,1006,,Regiment 54
DR32740095AS-AB,07PR6015,1006,,Regiment 54
DR32740169AS-AD,07B7U0014,1006,,Regiment 54
61397225AD,6522,1006,,Regiment 54
61397225AD,6515,1006,,Regiment 54
DR33370005GA-AC,07B7U0006,1006,,Regiment 54
POG082693,07ACW0002,1007,,Regiment 54
DR32740201AS-AC,08B7U0026,1007,,Regiment 54
61156532BD,500080,1007,,Regiment 54
DR32740095AS-AB,07PR6039,1007,,Regiment 54
DR32740169AS-AD,08B7U0028,1007,,Regiment 54
61397225AD,6510,1007,,Regiment 54
61397225AD,6509,1007,,Regiment 54
DR33370005GA-AC,08B7U0026,1007,,Regiment 54
POG082693,07ACW0015,1008,,Regiment 54
DR32740201AS-AC,07B7U0023,1008,,Regiment 54
61156532BD,500038,1008,,Regiment 54
DR32740095AS-AB,07PR6038,1008,,Regiment 54
DR32740169AS-AD,08B7U0025,1008,,Regiment 54
61397225AD,6575,1008,,Regiment 54
61397225AD,6535,1008,,Regiment 54
DR33370005GA-AC,08B7U0024,1008,,Regiment 54
POG082693,07ACW0018,1009,,Regiment 54
DR32740201AS-AC,08B7U0027,1009,,Regiment 54
61156532BD,500045,1009,,Regiment 54
DR32740095AS-AB,07PR6040,1009,,Regiment 54
DR32740169AS-AD,08B7U0027,1009,,Regiment 54
61397225AD,6597,1009,,Regiment 54
61397225AD,6554,1009,,Regiment 54
DR33370005GA-AC,08B7U0028,1009,,Regiment 54
POG082693,07ACW0023,1010,,Regiment 54
DR32740201AS-AC,07B7U0014,1010,,Regiment 54
61156532BD,500054,1010,,Regiment 54
DR32740095AS-AB,07PR6016,1010,,Regiment 54
DR32740169AS-AD,07B7U0018,1010,,Regiment 54
61397225AD,6550,1010,,Regiment 54
61397225AD,6533,1010,,Regiment 54
DR33370005GA-AC,08B7U0043,1010,,Regiment 54
POG082693,07ACW0020,1011,,Regiment 54
DR32740201AS-AC,07B7U0017,1011,,Regiment 54
61156532BD,500056,1011,,Regiment 54
DR32740095AS-AB,07PR6033,1011,,Regiment 54
DR32740169AS-AD,07B7U0019,1011,,Regiment 54
61397225AD,6543,1011,,Regiment 54
61397225AD,6537,1011,,Regiment 54
DR33370005GA-AC,08B7U0022,1011,,Regiment 54
POG082693,07ACW0022,1012,,Regiment 54
DR32740201AS-AC,07B7U0013,1012,,Regiment 54
61156532BD,500027,1012,,Regiment 54
DR32740095AS-AB,07PR6029,1012,,Regiment 54
DR32740169AS-AD,07B7U0011,1012,,Regiment 54
61397225AD,6528,1012,,Regiment 54
61397225AD,6545,1012,,Regiment 54
DR33370005GA-AC,08B7U0039,1012,,Regiment 54
POG082693,07ACW0017,1013,,Regiment 54
DR32740201AS-AC,07B7U0022,1013,,Regiment 54
61156532BD,500044,1013,,Regiment 54
DR32740095AS-AB,07PR6035,1013,,Regiment 54
DR32740169AS-AD,07B7U0015,1013,,Regiment 54
61397225AD,6585,1013,,Regiment 54
61397225AD,6544,1013,,Regiment 54
DR33370005GA-AC,07B7U0017,1013,,Regiment 54
POG082693,07ACW0019,1014,,Regiment 54
DR32740201AS-AC,07B7U0019,1014,,Regiment 54
61156532BD,500058,1014,,Regiment 54
DR32740095AS-AB,07PR6032,1014,,Regiment 54
DR32740169AS-AD,08B7U0022,1014,,Regiment 54
61397225AD,6604,1014,,Regiment 54
61397225AD,6560,1014,,Regiment 54
DR33370005GA-AC,07B7U0019,1014,,Regiment 54
POG082693,07ACW0013,1015,,Regiment 54
DR32740201AS-AC,08B7U0025,1015,,Regiment 54
61156532BD,500077,1015,,Regiment 54
DR32740095AS-AB,07PR6036,1015,,Regiment 54
DR32740169AS-AD,08B7U0026,1015,,Regiment 54
61397225AD,6612,1015,,Regiment 54
61397225AD,6580,1015,,Regiment 54
DR33370005GA-AC,08B7U0027,1015,,Regiment 54
