pn,name,father_pn,linked_system_code,mtbf,eta,beta,mttr,number_of_parts_inbom
VP,VP NC1-30,,nc1-30,,,,,
VS,VS NC1-30,,nc1-30,,,,,
VR,VR NC1-40,,nc1-40,,,,,
VE,VE NC1-40,,nc1-40,,,,,
CM,CMD3D,,cmd-3d,,,,,
VPP,Véhicule VP,VP,,43800,20000,3,,1
145591249,ONDULEUR CONVERTISSEUR,VP,,238000,17520,4,,1
144695823,Groupe Electrogene diesel(GE 51A),VP,,30000,38000,1.7,,2
131183877,Module control batteries,VP,,424666,22000,2.5,,1
145010691,Climatiseur,VP,,180029,27000,2,,2
144702085,Mecanisme de pointage en direction,VP,,86806,40000,1.5,,1
145282025,MODULE PERIPHERIQUE,VP,,31350,,,,1
145270647,Moteur antenne 2630,VP,,6475,150000,1.7,,1
144796578,COFFRET E/R RADAR,VP,,4391,,,,1
144997619,Carte Colombe,VP,,50000,,,,3
144975831,Carte CEL,VP,,66401,,,,1
144975476,Carte CUC,VP,,265957,,,,1
145297985,Carte avarie IFF,VP,,300000,,,,1
144975475,Carte CSLA,VP,,680272,,,,1
145015945,Carte équipée CESA,VP,,71174,,,,1
144978737,Carte interface,VP,,105000,,,,1
144975474,Carte équipée CSP,VP,,95238,,,,1
145282030,CARTE SVME 739-004*,VP,,32395,,,,1
144598303,CARTE ROITELET,VP,,41667,,,,1
144598307,CARTE COLIBRI,VP,,41322,,,,1
144598304,CARTE URUBU,VP,,50761,,,,1
144598305,CARTE SERPENTAIRE,VP,,35714,,,,1
144598308,CARTE CHOUETTE,VP,,29326,,,,1
144598301,CARTE BUSARD,VP,,57803,,,,1
144598306,CARTE CORMORAN,VP,,54348,,,,1
144600062,CARTE GOELAND,VP,,59880,,,,1
144975470,CARTE EPERVIER,VP,,47170,,,,1
145282028,carte UC1,VP,,64516,75000,3,,1
145282029,CARTE UC2 EQUIPEE*,VP,,64516,75000,3,,1
145282018,Boitier info de visualisation radar(BIV),VP,,29735,110000,2,,1
144695822,COFFRET COMMANDE DEPORTE GE(BC-766A),VP,,16294,63000,4,,1
144702089,BLOC REFROIDISSEUR D AIR(VL63A),VP,,100000,150000,1.5,,1
VSS,Vehicule VS,VS,,43800,18500,3,,1
145579600,Groupe Electro 4kVA,VS,,24201,27000,2,,1
145579946,PCC programme,VS,,58140,,,,1
145579945,BCC programme,VS,,16722,,,,1
145585357,Module interface radio(MIR),VS,,33333,,,,1
144784251,Module conv.24V G2 DZ-53A,VS,,20121,,,,9
145599261,Boitier coque mät MIDS (L16),VS,,60749,,,,1
145203355,Carte TOR,VS,,86956522,,,,1
145579873,Carte UC/TM PROGRAM,VS,,28329,,,,1
145579899,Touret Cable Opt.,VS,,52118,,,,1
145010691-A,Climatiseur VS,VS,,180029,27000,2,,1
VRR,Véhicule VR,VR,,43800,18000,3,,1
144588777-A,MOTEUR 2640 SEUL,VR,,6475,150000,1.7,,1
144726571-A,MECANISME D ENTRAINEMENT,VR,,4981,280000,1.1,,1
145299000,Alim 28V/270V,VR,,3408,,,,1
145293122,Ampli mat 250W,VR,,2158,,,,4
145319231,Platine hyper & Cde,VR,,8094,,,,1
145293100,Boitier RNG GDS,VR,,10792,,,,1
145293145,Tiroir ventilation cable,VR,,16188,42000,1.5,,1
145298998,Climatiseur,VR,,7195,28000,2,,1
145298004,Carte Matrice,VR,,6475,,,,1
145293096,Boitier TRANSPO BDE S,VR,,10792,,,,1
145313160-A,Alim AP 2640,VR,,12951,,,,1
145324424,Carte Multiplexage,VR,,16188,,,,1
145293147,Carte Camaro,VR,,16188,,,,1
144726571,MECANISME D ENTRAINEMENT,VR,,35336,,,,1
145281998,PANNEAU DE COMMANDE ET DE CTRL (PCC),VR,,111111,,,,1
145293078,VERIN CABLE - LINEAIRE,VR,,66667,,,,1
145319213,AUTOMATE PRO,VR,,37500,,,,1
145293094,BOITIER REFERENCE,VR,,100807,,,,1
145293095,BOITIER GENE NUM,VR,,96993,,,,1
145293089,COFFRET TTR CABLE,VR,,127597,,,,1
145293097,BOITIER PAS MOYEN,VR,,108932,,,,1
145293098,BOITIER PAS GROS,VR,,119617,,,,1
145293102,BOITIER DISTRI GDS,VR,,144092,,,,1
145313155,COFFRET AP CABLE,VR,,285714,,,,1
145313157,COFFRET GR CABLE,VR,,952381,,,,1
145313160,ALIMENTATION AP 2640,VR,,66667,,,,1
145016075,CDE REGULATION AERIEN,VR,,100000,,,,1
145293121,CARTE COM SVME,VR,,61125,,,,1
145293144,CARTE IFF OCR PERSO*,VR,,116009,,,,1
145293146,CARTE CESAME*,VR,,49950,,,,1
145293147-A,CARTE CAMARO,VR,,39635,,,,1
145293148,CARTE CAMARO HOT LINK,VR,,34305,,,,1
145293149,CARTE TEMPO,VR,,35486,,,,1
145313159,CARTE CPU,VR,,64516,,,,1
145319212,CARTE ALIM(DEPHASEUR),VR,,334448,,,,1
144588777,MOTEUR 2640 SEUL,VR,,185185,,,,1
145281997,BOITIER DE DISTRIBUTION ENERGIE (BDE),VR,,125000,,,,1
145671828,ALTERNATEUR EQUIPE,VR,,12093,,,,1
145293090,TIROIR ALIM CABLE,VR,,39620,,,,1
145293119,ALIMENTATION 2E +5V 40A +12/-12V 5A,VR,,34294,,,,1
145293120,ALIMENTATION 2E +3 3V 40A +15/-15V 5A,VR,,34294,,,,1
145298014,ALIMENTATION GR 2640,VR,,30039,,,,1
145313156,BOITIER DRIVER,VR,,125000,,,,1
145293099,Boitier synthese,VR,,16188,,,,1
VEE,Véhicule VE,VE,,43800,80000,3,,1
131184054,Module convertisseur TEB,VE,,6475,,,,1
144975479,Ventilateur équipé   ,VE,,9251,40000,1.5,,1
145282024,Module servitudes,VE,,9251,,,,1
145282028-A,Carte UC1,VE,,10792,,,,1
144695823-A,Groupe Electrogene  diesel(GE 51A),VE,,12951,40000,1.5,,1
145010692,Condenseur - refrigunite condenseur,VE,,21585,50000,2,,1
145919121,Module Interface Radio (MIR),VE,,21585,,,,1
145850599,Serveur RACKABLE 1G sans tiroir,VE,,21585,,,,2
145010702,BLOC REFROIDDAIR UNITE EVAPORATEUR,VE,,32377,50000,2,,1
16241110,Commutateur 24 ports,VE,,32377,,,,2
145624162,CableTOURET FO,VE,,32377,,,,1
145010990,Moto Ventilateur,VE,,32377,60000,1.5,,1
145850603,Serveur RACKABLE 1SC sans tiroir,VE,,32377,,,,1
145850601,Serveur RACKABLE 1S sans tiroir,VE,,32377,,,,1
145282021,Platine ventilateur,VE,,124330,,,,1
145010647,VANNE EQUIPEE,VE,,45000,,,,1
145579601,MATRICE DE BRASSAGE,VE,,96153846,,,,1
145553342,BOITIER FILTRE - ANTIPARASITE,VE,,657894,,,,1
131184053,MODULE ELECTRONIQUE AUXILIAIRE,VE,,586414,,,,1
145282019,STRUCTURE D’ACCUEIL,VE,,485671,,,,1
145282025-A,Module Périphérique,VE,,31350,,,,1
144978736,CARTE EXTENTION IFF,VE,,1000000,,,,1
145282027,Panier de carte,VE,,479862,,,,1
145282029-A,CARTE UC2 EQUIPEE*,VE,,23752,,,,1
145282030-A,CARTE SVME 739-004*,VE,,32395,,,,1
145282031,CARTE ENTREES/SORTIES DISCRETES*,VE,,110000,,,,1
145591249-A,ONDULEUR CONVERTISSEUR,VE,,50000,,,,1
131183877-A,Module Control Batterie,VE,,424666,,,,1
15629776,SOURIS OPTIQUE PS2,VE,,133333,,,,1
14828242,CONVERTISSEUR CUVIRE/FIBRE OPTIQUE 100FX,VE,,189280,,,,1
VEC,Véhicule VEC,CM,,43800,20000,3,,1
ONC,Onduleur,CM,,19920,61278,1.2,,1
GEC,Groupe Electrogene,CM,,25000,40000,1.5,,1
PCC,PC 1U,CM,,63157,240000,1.2,,1
SM2,Serv MAR 2U,CM,,31592,,,,5
SM1,Serv MAR 1U,CM,,42960,,,,2
6625131183877,6625131183877,VP,,42960,,,,2
