Logistic_code_number,Father_lcn,Logistic_batch_code,Name,Description,Function_name,Number_stock_max
VP,,batch_0,VP,VP NC1-30,VP NC1-30,0
VS,,batch_0,VS,VS NC1-30,VS NC1-30,0
VR,,batch_0,VR,VR NC1-40,VR NC1-40,0
VE,,batch_0,VE,VE NC1-40,VE NC1-40,0
CM,,batch_0,CM,CMD3D,CMD3D,0
VPP,VP,batch_1,VPP,Vehicule VP,Vehicule VP,5
144695823,VP,batch_1,144695823,Groupe Electrogene - diesel(GE 51A),Groupe Electrogene - diesel(GE 51A),5
131183877,VP,batch_1,131183877,Module control batteries,Module control batteries,5
145010691,VP,batch_1,145010691,Climatiseur,Climatiseur,5
144702085,VP,batch_1,144702085,Mecanisme de pointage en direction,Mecanisme de pointage en direction,5
145282025,VP,batch_1,145282025,MODULE PERIPHERIQUE,MODULE PERIPHERIQUE,5
145270647,VP,batch_1,145270647,Moteur antenne 2630,Moteur antenne 2630,5
144796578,VP,batch_1,144796578,COFFRET E/R RADAR,COFFRET E/R RADAR,5
144997619,VP,batch_1,144997619,Carte Colombe-4,Carte Colombe-4,5
144975831,VP,batch_1,144975831,Carte CEL,Carte CEL,5
144975476,VP,batch_1,144975476,Carte CUC,Carte CUC,5
145297985,VP,batch_1,145297985,Carte avarie IFF,Carte avarie IFF,5
144975475,VP,batch_1,144975475,Carte CSLA,Carte CSLA,5
145015945,VP,batch_1,145015945,Carte équipée CESA,Carte équipée CESA,5
144978737,VP,batch_1,144978737,Carte interface,Carte interface,5
144975474,VP,batch_1,144975474,Carte équipée CSP,Carte équipée CSP,5
144598303,VP,batch_1,144598303,CARTE ROITELET,CARTE ROITELET,5
144598307,VP,batch_1,144598307,CARTE COLIBRI,CARTE COLIBRI,5
144598304,VP,batch_1,144598304,CARTE URUBU,CARTE URUBU,5
144598305,VP,batch_1,144598305,CARTE SERPENTAIRE,CARTE SERPENTAIRE,5
144598308,VP,batch_1,144598308,CARTE CHOUETTE,CARTE CHOUETTE,5
144598301,VP,batch_1,144598301,CARTE BUSARD,CARTE BUSARD,5
144598306,VP,batch_1,144598306,CARTE CORMORAN,CARTE CORMORAN,5
144600062,VP,batch_1,144600062,CARTE GOELAND,CARTE GOELAND,5
144975470,VP,batch_1,144975470,CARTE EPERVIER,CARTE EPERVIER,5
145282028,VP,batch_1,145282028,carte UC1*,carte UC1*,5
145282029,VP,batch_1,145282029,carte UC2 équipée*,carte UC2 équipée*,5
145282018,VP,batch_1,145282018,Boitier info de visualisation radar(BIV),Boitier info de visualisation radar(BIV),5
144695822,VP,batch_1,144695822,COFFRET COMMANDE DEPORTE GE(BC-766A),COFFRET COMMANDE DEPORTE GE(BC-766A),5
144702089,VP,batch_1,144702089,BLOC REFROIDISSEUR D AIR(VL63A),BLOC REFROIDISSEUR D AIR(VL63A),5
144726581,VP,batch_1,144726581,PR4G VP,PR4G VP,5
VSS,VS,batch_1,VSS,Vehicule VS,Vehicule VS,5
145579600,VS,batch_1,145579600,Groupe Electro 4kVA,Groupe Electro 4kVA,5
145579946,VS,batch_1,145579946,PCC programme,PCC programme,5
145579945,VS,batch_1,145579945,BCC programme,BCC programme,5
145585357,VS,batch_1,145585357,Module interface radio(MIR),Module interface radio(MIR),5
144784251,VS,batch_1,144784251,Module conv.24V G2 DZ-53A,Module conv.24V G2 DZ-53A,5
145599261,VS,batch_1,145599261,Boitier coque mät MIDS (L16),Boitier coque mät MIDS (L16),5
145203355,VS,batch_1,145203355,Carte TOR,Carte TOR,5
145579873,VS,batch_1,145579873,Carte UC/TM PROGRAM,Carte UC/TM PROGRAM,5
145579899,VS,batch_1,145579899,Touret Cable Opt.,Touret Cable Opt.,5
145010691,VS,batch_1,145010691,Climatiseur VS,Climatiseur VS,5
VRR,VR,batch_1,VRR,Vehicule VR,Vehicule VR,5
145299000,VR,batch_1,145299000,Alim 28V/270V,Alim 28V/270V,5
145293122,VR,batch_1,145293122,Ampli mat 250W,Ampli mat 250W,5
145319231,VR,batch_1,145319231,Platine hyper & Cde,Platine hyper & Cde,5
145293100,VR,batch_1,145293100,Boitier RNG GDS,Boitier RNG GDS,5
145293145,VR,batch_1,145293145,Tiroir ventilation cable,Tiroir ventilation cable,5
145298998,VR,batch_1,145298998,Climatiseur,Climatiseur,5
145298004,VR,batch_1,145298004,Carte Matrice,Carte Matrice,5
145293096,VR,batch_1,145293096,Boitier TRANSPO BDE S,Boitier TRANSPO BDE S,5
145313160,VR,batch_1,145313160,Alim AP 2640,Alim AP 2640,5
145324424,VR,batch_1,145324424,Carte Multiplexage,Carte Multiplexage,5
145293147,VR,batch_1,145293147,Carte Camaro,Carte Camaro,5
144726571,VR,batch_1,144726571,MECANISME D ENTRAINEMENT,MECANISME D ENTRAINEMENT,5
144726571,VR,batch_1,144726571,MECANISME D ENTRAINEMENT,MECANISME D ENTRAINEMENT,5
145281998,VR,batch_1,145281998,PANNEAU DE COMMANDE ET DE CTRL (PCC),PANNEAU DE COMMANDE ET DE CTRL (PCC),5
145293078,VR,batch_1,145293078,VERIN CABLE - LINEARE,VERIN CABLE - LINEARE,5
145319213,VR,batch_1,145319213,AUTOMATE PRO,AUTOMATE PRO,5
145293094,VR,batch_1,145293094,BOITIER REFERENCE,BOITIER REFERENCE,5
145293095,VR,batch_1,145293095,BOITIER GENE NUM,BOITIER GENE NUM,5
145293089,VR,batch_1,145293089,COFFRET TTR CABLE,COFFRET TTR CABLE,5
145293097,VR,batch_1,145293097,BOITIER PAS MOYEN,BOITIER PAS MOYEN,5
145293098,VR,batch_1,145293098,BOITIER PAS GROS,BOITIER PAS GROS,5
145293102,VR,batch_1,145293102,BOITIER DISTRI GDS,BOITIER DISTRI GDS,5
145313155,VR,batch_1,145313155,COFFRET AP CABLE,COFFRET AP CABLE,5
145313157,VR,batch_1,145313157,COFFRET GR CABLE,COFFRET GR CABLE,5
145313160,VR,batch_1,145313160,ALIMENTATION AP 2640,ALIMENTATION AP 2640,5
145016075,VR,batch_1,145016075,PLATINE CDE REGULATION AERIEN, PLATINE CDE REGULATION AERIEN,5
145293121,VR,batch_1,145293121,CARTE COM SVME,CARTE COM SVME,5
145293144,VR,batch_1,145293144,CARTE IFF OCR PERSO*,CARTE IFF OCR PERSO*,5
145293146,VR,batch_1,145293146,CARTE CESAME*,CARTE CESAME*,5
145293147,VR,batch_1,145293147,CARTE CAMARO,CARTE CAMARO,5
145293148,VR,batch_1,145293148,CARTE CAMARO HOT LINK,CARTE CAMARO HOT LINK,5
145293149,VR,batch_1,145293149,CARTE TEMPO,CARTE TEMPO,5
145313159,VR,batch_1,145313159,CARTE CPU,CARTE CPU,5
145319212,VR,batch_1,145319212,CARTE ALIM(DEPHASEUR),CARTE ALIM(DEPHASEUR),5
144588777,VR,batch_1,144588777,MOTEUR 2640 SEUL,MOTEUR 2640 SEUL,5
144588777,VR,batch_1,144588777,MOTEUR 2640 SEUL,MOTEUR 2640 SEUL,5
145281997,VR,batch_1,145281997,BOITIER DE DISTRIBUTION ENERGIE (BDE),BOITIER DE DISTRIBUTION ENERGIE (BDE) complet,5
145671828,VR,batch_1,145671828,ALTERNATEUR EQUIPE,ALTERNATEUR EQUIPE,5
145293090,VR,batch_1,145293090,TIROIR ALIM CABLE,TIROIR ALIM CABLE,5
145293119,VR,batch_1,145293119,ALIMENTATION 2E +5V 40A +12/-12V 5A,ALIMENTATION 2E +5V 40A +12/-12V 5A,5
45293120,VR,batch_1,145293120,"ALIMENTATION 2E +3,3V 40A +15/-15V 5A","ALIMENTATION 2E +3,3V 40A +15/-15V 5A",5
145298014,VR,batch_1,145298014,ALIMENTATION GR 2640,ALIMENTATION GR 2640,5
145313156,VR,batch_1,145313156,BOITIER DRIVER,BOITIER DRIVER,5
145293099,VR,batch_1,145293099,Boitier synthese,Boitier synthese,5
VEE,VE,batch_1,VEE,Vehicule VE,Vehicule VE,5
131184054,VE,batch_1,131184054,Module convertisseur,Module convertisseur,5
144975479,VE,batch_1,144975479,Ventilateur equipe  ,Ventilateur equipe,5
145282024,VE,batch_1,145282024,Module servitudes,Module servitudes,5
145282028,VE,batch_1,145282028,Carte UC1,Carte UC1,5
144695823,VE,batch_1,144695823,Groupe Electrogene - diesel(GE 51A),Groupe Electrogene - diesel(GE 51A),5
145010692,VE,batch_1,145010692,Condenseur - refrigunite condenseur,Condenseur - refrigunite condenseur,5
145919121,VE,batch_1,145919121,Module Interface Radio (MIR),Module Interface Radio (MIR),5
145850599,VE,batch_1,145850599,Serveur RACKABLE 1G sans tiroir,Serveur RACKABLE 1G sans tiroir,5
145010702,VE,batch_1,145010702,BLOC REFROIDDAIR UNITE EVAPORATEUR,BLOC REFROIDDAIR UNITE EVAPORATEUR,5
16241110,VE,batch_1,16241110,Commutateur 24 ports,Commutateur 24 ports,5
145624162,VE,batch_1,145624162,TOURET FO, TOURET FO,5
145010990,VE,batch_1,145010990,Moto Ventilateur,Moto Ventilateur,5
145850603,VE,batch_1,145850603,Serveur RACKABLE 1SC sans tiroir,Serveur RACKABLE 1SC sans tiroir,5
145850601,VE,batch_1,145850601,Serveur RACKABLE 1S sans tiroir,Serveur RACKABLE 1S sans tiroir,5
145282021,VE,batch_1,145282021,Platine ventilateur,Platine ventilateur,5
145010647,VE,batch_1,145010647,VANNE EQUIPEE,VANNE EQUIPEE,5
145579601,VE,batch_1,145579601,MATRICE DE BRASSAGE,MATRICE DE BRASSAGE,5
145553342,VE,batch_1,145553342,BOITIER FILTRE - ANTIPARASITE,BOITIER FILTRE - ANTIPARASITE,5
131184053,VE,batch_1,131184053,MODULE ELECTRONIQUE AUXILIAIRE,MODULE ELECTRONIQUE AUXILIAIRE,5
145282019,VE,batch_1,145282019,STRUCTURE D’ACCUEIL,STRUCTURE D’ACCUEIL,5
145282025,VE,batch_1,145282025,Module Peripherique,Module Peripherique,5
144978736,VE,batch_1,144978736,CARTE EXTENTION IFF,CARTE EXTENTION IFF,5
145282027,VE,batch_1,145282027,Panier de carte,Panier de carte,5
145282029,VE,batch_1,145282029,CARTE UC2 EQUIPEE*,CARTE UC2 EQUIPEE*,5
145282030,VE,batch_1,145282030,CARTE SVME 739-004*,CARTE SVME 739-004*,5
145282031,VE,batch_1,145282031,CARTE ENTREES/SORTIES DISCRETES*,CARTE ENTREES/SORTIES DISCRETES*,5
145591249,VE,batch_1,145591249,ONDULEUR CONVERTISSEUR,ONDULEUR CONVERTISSEUR,5
131183877,VE,batch_1,131183877,Module Control Batterie,Module Control Batterie,5
15629776,VE,batch_1,15629776,SOURIS OPTIQUE PS2,SOURIS OPTIQUE PS2,5
14828242,VE,batch_1,14828242,CONVERTISSEUR CUVIRE/FIBRE OPTIQUE 100FX,CONVERTISSEUR CUVIRE/FIBRE OPTIQUE 100FX,5
VEC,CM,batch_1,VEC,Vehicule VEC,Vehicule VEC,5
ONC,CM,batch_1,ONC,Onduleur,Onduleur,5
GEC,CM,batch_1,GEC,Groupe Electrogene,Groupe Electrogene,5
PCC,CM,batch_1,PCC,PC 1U,PC 1U,5
SM2,CM,batch_1,SM2,Serv MAR 2U,Serv MAR 2U,5
SM1,CM,batch_1,SM1,Serv MAR 1U,Serv MAR 1U,5