System_SN,Maintenance_procedure_code,Spare_LCN,Start_date
VPP-1,STD_PROC,VPP,01/02/2021
VPP-2,STD_PROC,VPP,01/03/2021
VPP-3,STD_PROC,VPP,01/04/2021
VPP-4,STD_PROC,VPP,01/05/2021
VPP-5,STD_PROC,VPP,01/06/2021
VPP-6,STD_PROC,VPP,01/07/2021
VPP-7,STD_PROC,VPP,01/08/2021
VPP-8,STD_PROC,VPP,01/09/2021
VPP-9,STD_PROC,VPP,01/10/2021
VPP-10,STD_PROC,VPP,01/11/2021
VPP-11,STD_PROC,VPP,01/12/2021
VPP-12,STD_PROC,VPP,01/01/2021
VPP-13,STD_PROC,VPP,01/02/2021
VPP-14,STD_PROC,VPP,01/03/2021
VPP-15,STD_PROC,VPP,01/04/2021
VPP-16,STD_PROC,VPP,01/05/2021
VPP-17,STD_PROC,VPP,20/03/2023
VPP-18,STD_PROC,VPP,01/11/2022
VPP-19,STD_PROC,VPP,01/12/2022
VPP-20,STD_PROC,VPP,01/01/2023
VPP-21,STD_PROC,VPP,01/02/2023
VPP-22,STD_PROC,VPP,01/03/2023
VPP-23,STD_PROC,VPP,01/03/2023
VPP-24,STD_PROC,VPP,01/03/2023
VPP-25,STD_PROC,VPP,01/03/2023
VSS-1,STD_PROC,VSS,21/11/2022
VSS-2,STD_PROC,VSS,21/10/2022
VSS-3,STD_PROC,VSS,21/09/2022
VSS-4,STD_PROC,VSS,21/08/2022
VSS-5,STD_PROC,VSS,21/07/2022
VSS-6,STD_PROC,VSS,21/06/2022
VSS-7,STD_PROC,VSS,21/05/2022
VSS-8,STD_PROC,VSS,21/04/2022
VSS-9,STD_PROC,VSS,21/03/2022
VSS-10,STD_PROC,VSS,21/02/2022
VSS-11,STD_PROC,VSS,22/02/2018
VSS-12,STD_PROC,VSS,23/02/2018
VSS-13,STD_PROC,VSS,24/02/2018
VSS-14,STD_PROC,VSS,25/02/2018
VSS-15,STD_PROC,VSS,26/02/2018
VSS-16,STD_PROC,VSS,27/02/2018
VSS-17,STD_PROC,VSS,28/02/2018
VSS-18,STD_PROC,VSS,01/03/2018
VSS-19,STD_PROC,VSS,02/03/2018
VSS-20,STD_PROC,VSS,03/03/2018
VSS-21,STD_PROC,VSS,04/03/2018
VSS-22,STD_PROC,VSS,05/03/2018
VSS-23,STD_PROC,VSS,06/03/2018
VSS-24,STD_PROC,VSS,07/03/2018
VSS-25,STD_PROC,VSS,08/03/2018
VRR-1,STD_PROC,VRR,10/02/2023
VRR-2,STD_PROC,VRR,10/02/2023
VRR-3,STD_PROC,VRR,10/02/2023
VRR-4,STD_PROC,VRR,10/02/2023
VRR-5,STD_PROC,VRR,10/02/2023
VRR-6,STD_PROC,VRR,10/02/2023
VRR-7,STD_PROC,VRR,10/02/2023
VRR-8,STD_PROC,VRR,10/02/2023
VRR-9,STD_PROC,VRR,17/02/2018
VRR-10,STD_PROC,VRR,17/02/2014
VRR-11,STD_PROC,VRR,17/02/2018
VRR-12,STD_PROC,VRR,21/02/2018
VRR-13,STD_PROC,VRR,22/02/2018
VRR-14,STD_PROC,VRR,23/02/2018
VEE-1,STD_PROC,VEE,22/12/2018
VEE-2,STD_PROC,VEE,23/12/2018
VEE-3,STD_PROC,VEE,24/12/2018
VEE-4,STD_PROC,VEE,25/12/2018
VEE-5,STD_PROC,VEE,26/12/2018
VEE-6,STD_PROC,VEE,27/12/2018
VEE-7,STD_PROC,VEE,28/12/2018
VEE-8,STD_PROC,VEE,29/09/2023
VEE-9,STD_PROC,VEE,30/12/2018
VEE-10,STD_PROC,VEE,31/12/2018
VEE-11,STD_PROC,VEE,01/01/2019
VEE-12,STD_PROC,VEE,02/01/2019
VEE-13,STD_PROC,VEE,03/01/2023
VEE-14,STD_PROC,VEE,04/01/2022
VEC-1,STD_PROC,VEC,21/02/2022
VEC-2,STD_PROC,VEC,22/02/2018
VEC-3,STD_PROC,VEC,21/02/2022
VEC-4,STD_PROC,VEC,22/02/2018
VEC-5,STD_PROC,VEC,21/02/2022
VEC-6,STD_PROC,VEC,22/02/2018
VEC-7,STD_PROC,VEC,21/02/2022
VEC-8,STD_PROC,VEC,22/02/2018
VEC-9,STD_PROC,VEC,21/02/2022
VEC-10,STD_PROC,VEC,22/02/2018
VEC-11,STD_PROC,VEC,21/02/2022
VEC-12,STD_PROC,VEC,22/02/2018
VEC-13,STD_PROC,VEC,21/02/2022
VEC-14,STD_PROC,VEC,22/02/2018
ONC-1,STD_PROC,ONC,21/02/2022
ONC-2,STD_PROC,ONC,22/02/2018
ONC-3,STD_PROC,ONC,21/02/2022
ONC-4,STD_PROC,ONC,22/02/2018
ONC-5,STD_PROC,ONC,21/02/2022
ONC-6,STD_PROC,ONC,22/02/2018
ONC-7,STD_PROC,ONC,21/02/2022
ONC-8,STD_PROC,ONC,22/02/2018
ONC-9,STD_PROC,ONC,21/02/2022
ONC-10,STD_PROC,ONC,22/02/2018
ONC-11,STD_PROC,ONC,21/02/2022
ONC-12,STD_PROC,ONC,22/02/2018
ONC-13,STD_PROC,ONC,21/02/2022
ONC-14,STD_PROC,ONC,22/02/2018
GEC-1,STD_PROC,GEC,21/02/2022
GEC-2,STD_PROC,GEC,22/02/2018
GEC-3,STD_PROC,GEC,21/02/2022
GEC-4,STD_PROC,GEC,22/02/2018
GEC-5,STD_PROC,GEC,21/02/2022
GEC-6,STD_PROC,GEC,22/02/2018
GEC-7,STD_PROC,GEC,21/02/2022
GEC-8,STD_PROC,GEC,22/02/2018
GEC-9,STD_PROC,GEC,21/02/2022
GEC-10,STD_PROC,GEC,22/02/2018
GEC-11,STD_PROC,GEC,21/02/2022
GEC-12,STD_PROC,GEC,22/02/2018
GEC-13,STD_PROC,GEC,21/02/2022
GEC-14,STD_PROC,GEC,22/02/2018
PCC-1,STD_PROC,PCC,21/02/2022
PCC-2,STD_PROC,PCC,22/02/2018
PCC-3,STD_PROC,PCC,21/02/2022
PCC-4,STD_PROC,PCC,22/02/2018
PCC-5,STD_PROC,PCC,21/02/2022
PCC-6,STD_PROC,PCC,22/02/2018
PCC-7,STD_PROC,PCC,21/02/2022
PCC-8,STD_PROC,PCC,22/02/2018
PCC-9,STD_PROC,PCC,21/02/2022
PCC-10,STD_PROC,PCC,22/02/2018
PCC-11,STD_PROC,PCC,21/02/2022
PCC-12,STD_PROC,PCC,22/02/2018
PCC-13,STD_PROC,PCC,21/02/2022
PCC-14,STD_PROC,PCC,22/02/2018