PN,SN,FatherSN,Name,ResponsibleUnitsCode
VS,VS-1,,,regiment54
VS,VS-2,,,regiment54
VS,VS-3,,,regiment54
VS,VS-4,,,regiment54
VS,VS-5,,,regiment54
VS,VS-6,,,regiment54
VS,VS-7,,,regiment54
VS,VS-8,,,regiment54
VS,VS-9,,,regiment54
VS,VS-10,,,regiment54
VS,VS-11,,,regiment54
VS,VS-12,,,regiment54
VS,VS-13,,,regiment54
VS,VS-14,,,regiment54
VS,VS-15,,,regiment54
VS,VS-16,,,regiment54
VS,VS-17,,,regiment54
VS,VS-18,,,regiment54
VS,VS-19,,,regiment54
VS,VS-20,,,regiment54
VS,VS-21,,,regiment54
VS,VS-22,,,regiment54
VS,VS-23,,,regiment54
VS,VS-24,,,regiment54
VS,VS-25,,,regiment54
VSS,VSS-1,VS-1,,regiment54
VSS,VSS-2,VS-2,,regiment54
VSS,VSS-3,VS-3,,regiment54
VSS,VSS-4,VS-4,,regiment54
VSS,VSS-5,VS-5,,regiment54
VSS,VSS-6,VS-6,,regiment54
VSS,VSS-7,VS-7,,regiment54
VSS,VSS-8,VS-8,,regiment54
VSS,VSS-9,VS-9,,regiment54
VSS,VSS-10,VS-10,,regiment54
VSS,VSS-11,VS-11,,regiment54
VSS,VSS-12,VS-12,,regiment54
VSS,VSS-13,VS-13,,regiment54
VSS,VSS-14,VS-14,,regiment54
VSS,VSS-15,VS-15,,regiment54
VSS,VSS-16,VS-16,,regiment54
VSS,VSS-17,VS-17,,regiment54
VSS,VSS-18,VS-18,,regiment54
VSS,VSS-19,VS-19,,regiment54
VSS,VSS-20,VS-20,,regiment54
VSS,VSS-21,VS-21,,regiment54
VSS,VSS-22,VS-22,,regiment54
VSS,VSS-23,VS-23,,regiment54
VSS,VSS-24,VS-24,,regiment54
VSS,VSS-25,VS-25,,regiment54
VR,VR-1,,,regiment54
VR,VR-2,,,regiment54
VR,VR-3,,,regiment54
VR,VR-4,,,regiment54
VR,VR-5,,,regiment54
VR,VR-6,,,regiment54
VR,VR-7,,,regiment54
VR,VR-8,,,regiment54
VR,VR-9,,,regiment54
VR,VR-10,,,regiment54
VR,VR-11,,,regiment54
VR,VR-12,,,regiment54
VR,VR-13,,,regiment54
VR,VR-14,,,regiment54
VRR,VRR-1,VR-1,,regiment54
VRR,VRR-2,VR-2,,regiment54
VRR,VRR-3,VR-3,,regiment54
VRR,VRR-4,VR-4,,regiment54
VRR,VRR-5,VR-5,,regiment54
VRR,VRR-6,VR-6,,regiment54
VRR,VRR-7,VR-7,,regiment54
VRR,VRR-8,VR-8,,regiment54
VRR,VRR-9,VR-9,,regiment54
VRR,VRR-10,VR-10,,regiment54
VRR,VRR-11,VR-11,,regiment54
VRR,VRR-12,VR-12,,regiment54
VRR,VRR-13,VR-13,,regiment54
VRR,VRR-14,VR-14,,regiment54
VP,VP-1,,,regiment54
VP,VP-2,,,regiment54
VP,VP-3,,,regiment54
VP,VP-4,,,regiment54
VP,VP-5,,,regiment54
VP,VP-6,,,regiment54
VP,VP-7,,,regiment54
VP,VP-8,,,regiment54
VP,VP-9,,,regiment54
VP,VP-10,,,regiment54
VP,VP-11,,,regiment54
VP,VP-12,,,regiment54
VP,VP-13,,,regiment54
VP,VP-14,,,regiment54
VP,VP-15,,,regiment54
VP,VP-16,,,regiment54
VP,VP-17,,,regiment54
VP,VP-18,,,regiment54
VP,VP-19,,,regiment54
VP,VP-20,,,regiment54
VP,VP-21,,,regiment54
VP,VP-22,,,regiment54
VP,VP-23,,,regiment54
VP,VP-24,,,regiment54
VP,VP-25,,,regiment54
VPP,VPP-1,VP-1,,regiment54
VPP,VPP-2,VP-2,,regiment54
VPP,VPP-3,VP-3,,regiment54
VPP,VPP-4,VP-4,,regiment54
VPP,VPP-5,VP-5,,regiment54
VPP,VPP-6,VP-6,,regiment54
VPP,VPP-7,VP-7,,regiment54
VPP,VPP-8,VP-8,,regiment54
VPP,VPP-9,VP-9,,regiment54
VPP,VPP-10,VP-10,,regiment54
VPP,VPP-11,VP-11,,regiment54
VPP,VPP-12,VP-12,,regiment54
VPP,VPP-13,VP-13,,regiment54
VPP,VPP-14,VP-14,,regiment54
VPP,VPP-15,VP-15,,regiment54
VPP,VPP-16,VP-16,,regiment54
VPP,VPP-17,VP-17,,regiment54
VPP,VPP-18,VP-18,,regiment54
VPP,VPP-19,VP-19,,regiment54
VPP,VPP-20,VP-20,,regiment54
VPP,VPP-21,VP-21,,regiment54
VPP,VPP-22,VP-22,,regiment54
VPP,VPP-23,VP-23,,regiment54
VPP,VPP-24,VP-24,,regiment54
VPP,VPP-25,VP-25,,regiment54
VE,VE-1,,,regiment54
VE,VE-2,,,regiment54
VE,VE-3,,,regiment54
VE,VE-4,,,regiment54
VE,VE-5,,,regiment54
VE,VE-6,,,regiment54
VE,VE-7,,,regiment54
VE,VE-8,,,regiment54
VE,VE-9,,,regiment54
VE,VE-10,,,regiment54
VE,VE-11,,,regiment54
VE,VE-12,,,regiment54
VE,VE-13,,,regiment54
VE,VE-14,,,regiment54
VEE,VEE-1,VE-1,,regiment54
VEE,VEE-2,VE-2,,regiment54
VEE,VEE-3,VE-3,,regiment54
VEE,VEE-4,VE-4,,regiment54
VEE,VEE-5,VE-5,,regiment54
VEE,VEE-6,VE-6,,regiment54
VEE,VEE-7,VE-7,,regiment54
VEE,VEE-8,VE-8,,regiment54
VEE,VEE-9,VE-9,,regiment54
VEE,VEE-10,VE-10,,regiment54
VEE,VEE-11,VE-11,,regiment54
VEE,VEE-12,VE-12,,regiment54
VEE,VEE-13,VE-13,,regiment54
VEE,VEE-14,VE-14,,regiment54
CM,CM-1,,,regiment54
CM,CM-2,,,regiment54
CM,CM-3,,,regiment54
CM,CM-4,,,regiment54
CM,CM-5,,,regiment54
CM,CM-6,,,regiment54
CM,CM-7,,,regiment54
CM,CM-8,,,regiment54
CM,CM-9,,,regiment54
CM,CM-10,,,regiment54
CM,CM-11,,,regiment54
CM,CM-12,,,regiment54
CM,CM-13,,,regiment54
CM,CM-14,,,regiment54
VEC,VEC-1,CM-1,,regiment54
VEC,VEC-2,CM-2,,regiment54
VEC,VEC-3,CM-3,,regiment54
VEC,VEC-4,CM-4,,regiment54
VEC,VEC-5,CM-5,,regiment54
VEC,VEC-6,CM-6,,regiment54
VEC,VEC-7,CM-7,,regiment54
VEC,VEC-8,CM-8,,regiment54
VEC,VEC-9,CM-9,,regiment54
VEC,VEC-10,CM-10,,regiment54
VEC,VEC-11,CM-11,,regiment54
VEC,VEC-12,CM-12,,regiment54
VEC,VEC-13,CM-13,,regiment54
VEC,VEC-14,CM-14,,regiment54
SM2,SM2-1,CM-1,,regiment54
SM2,SM2-2,CM-2,,regiment54
SM2,SM2-3,CM-3,,regiment54
SM2,SM2-4,CM-4,,regiment54
SM2,SM2-5,CM-5,,regiment54
SM2,SM2-6,CM-6,,regiment54
SM2,SM2-7,CM-7,,regiment54
SM2,SM2-8,CM-8,,regiment54
SM2,SM2-9,CM-9,,regiment54
SM2,SM2-10,CM-10,,regiment54
SM2,SM2-11,CM-11,,regiment54
SM2,SM2-12,CM-12,,regiment54
SM2,SM2-13,CM-13,,regiment54
SM2,SM2-14,CM-14,,regiment54
SM1,SM1-1,CM-1,,regiment54
SM1,SM1-2,CM-2,,regiment54
SM1,SM1-3,CM-3,,regiment54
SM1,SM1-4,CM-4,,regiment54
SM1,SM1-5,CM-5,,regiment54
SM1,SM1-6,CM-6,,regiment54
SM1,SM1-7,CM-7,,regiment54
SM1,SM1-8,CM-8,,regiment54
SM1,SM1-9,CM-9,,regiment54
SM1,SM1-10,CM-10,,regiment54
SM1,SM1-11,CM-11,,regiment54
SM1,SM1-12,CM-12,,regiment54
SM1,SM1-13,CM-13,,regiment54
SM1,SM1-14,CM-14,,regiment54
PCC,PCC-1,CM-1,,regiment54
PCC,PCC-2,CM-2,,regiment54
PCC,PCC-3,CM-3,,regiment54
PCC,PCC-4,CM-4,,regiment54
PCC,PCC-5,CM-5,,regiment54
PCC,PCC-6,CM-6,,regiment54
PCC,PCC-7,CM-7,,regiment54
PCC,PCC-8,CM-8,,regiment54
PCC,PCC-9,CM-9,,regiment54
PCC,PCC-10,CM-10,,regiment54
PCC,PCC-11,CM-11,,regiment54
PCC,PCC-12,CM-12,,regiment54
PCC,PCC-13,CM-13,,regiment54
PCC,PCC-14,CM-14,,regiment54
ONC,ONC-1,CM-1,,regiment54
ONC,ONC-2,CM-2,,regiment54
ONC,ONC-3,CM-3,,regiment54
ONC,ONC-4,CM-4,,regiment54
ONC,ONC-5,CM-5,,regiment54
ONC,ONC-6,CM-6,,regiment54
ONC,ONC-7,CM-7,,regiment54
ONC,ONC-8,CM-8,,regiment54
ONC,ONC-9,CM-9,,regiment54
ONC,ONC-10,CM-10,,regiment54
ONC,ONC-11,CM-11,,regiment54
ONC,ONC-12,CM-12,,regiment54
ONC,ONC-13,CM-13,,regiment54
ONC,ONC-14,CM-14,,regiment54
GEC,GEC-1,CM-1,,regiment54
GEC,GEC-2,CM-2,,regiment54
GEC,GEC-3,CM-3,,regiment54
GEC,GEC-4,CM-4,,regiment54
GEC,GEC-5,CM-5,,regiment54
GEC,GEC-6,CM-6,,regiment54
GEC,GEC-7,CM-7,,regiment54
GEC,GEC-8,CM-8,,regiment54
GEC,GEC-9,CM-9,,regiment54
GEC,GEC-10,CM-10,,regiment54
GEC,GEC-11,CM-11,,regiment54
GEC,GEC-12,CM-12,,regiment54
GEC,GEC-13,CM-13,,regiment54
GEC,GEC-14,CM-14,,regiment54
131183877,131183877-1,VP-1,,regiment54
131183877,131183877-2,VP-2,,regiment54
131183877,131183877-3,VP-3,,regiment54
131183877,131183877-4,VP-4,,regiment54
131183877,131183877-5,VP-5,,regiment54
131183877,131183877-6,VP-6,,regiment54
131183877,131183877-7,VP-7,,regiment54
131183877,131183877-8,VP-8,,regiment54
131183877,131183877-9,VP-9,,regiment54
131183877,131183877-10,VP-10,,regiment54
131183877,131183877-11,VP-11,,regiment54
131183877,131183877-12,VP-12,,regiment54
131183877,131183877-13,VP-13,,regiment54
131183877,131183877-14,VP-14,,regiment54
131183877,131183877-15,VP-15,,regiment54
131183877,131183877-16,VP-16,,regiment54
131183877,131183877-17,VP-17,,regiment54
131183877,131183877-18,VP-18,,regiment54
131183877,131183877-19,VP-19,,regiment54
131183877,131183877-20,VP-20,,regiment54
131183877,131183877-21,VP-21,,regiment54
131183877,131183877-22,VP-22,,regiment54
131183877,131183877-23,VP-23,,regiment54
131183877,131183877-24,VP-24,,regiment54
131183877,131183877-25,VP-25,,regiment54
145591249,145591249-1,VP-1,,regiment54
145591249,145591249-2,VP-2,,regiment54
145591249,145591249-3,VP-3,,regiment54
145591249,145591249-4,VP-4,,regiment54
145591249,145591249-5,VP-5,,regiment54
145591249,145591249-6,VP-6,,regiment54
145591249,145591249-7,VP-7,,regiment54
145591249,145591249-8,VP-8,,regiment54
145591249,145591249-9,VP-9,,regiment54
145591249,145591249-10,VP-10,,regiment54
145591249,145591249-11,VP-11,,regiment54
145591249,145591249-12,VP-12,,regiment54
145591249,145591249-13,VP-13,,regiment54
145591249,145591249-14,VP-14,,regiment54
145591249,145591249-15,VP-15,,regiment54
145591249,145591249-16,VP-16,,regiment54
145591249,145591249-17,VP-17,,regiment54
145591249,145591249-18,VP-18,,regiment54
145591249,145591249-19,VP-19,,regiment54
145591249,145591249-20,VP-20,,regiment54
145591249,145591249-21,VP-21,,regiment54
145591249,145591249-22,VP-22,,regiment54
145591249,145591249-23,VP-23,,regiment54
145591249,145591249-24,VP-24,,regiment54
145591249,145591249-25,VP-25,,regiment54
145270647,145270647-1,VP-1,,regiment54
145270647,145270647-2,VP-2,,regiment54
145270647,145270647-3,VP-3,,regiment54
145270647,145270647-4,VP-4,,regiment54
145270647,145270647-5,VP-5,,regiment54
145270647,145270647-6,VP-6,,regiment54
145270647,145270647-7,VP-7,,regiment54
145270647,145270647-8,VP-8,,regiment54
145270647,145270647-9,VP-9,,regiment54
145270647,145270647-10,VP-10,,regiment54
145270647,145270647-11,VP-11,,regiment54
145270647,145270647-12,VP-12,,regiment54
145270647,145270647-13,VP-13,,regiment54
145270647,145270647-14,VP-14,,regiment54
145270647,145270647-15,VP-15,,regiment54
145270647,145270647-16,VP-16,,regiment54
145270647,145270647-17,VP-17,,regiment54
145270647,145270647-18,VP-18,,regiment54
145270647,145270647-19,VP-19,,regiment54
145270647,145270647-20,VP-20,,regiment54
145270647,145270647-21,VP-21,,regiment54
145270647,145270647-22,VP-22,,regiment54
145270647,145270647-23,VP-23,,regiment54
145270647,145270647-24,VP-24,,regiment54
145270647,145270647-25,VP-25,,regiment54
144588777,144588777-1,VR-1,,regiment54
144588777,144588777-2,VR-2,,regiment54
144588777,144588777-3,VR-3,,regiment54
144588777,144588777-4,VR-4,,regiment54
144588777,144588777-5,VR-5,,regiment54
144588777,144588777-6,VR-6,,regiment54
144588777,144588777-7,VR-7,,regiment54
144588777,144588777-8,VR-8,,regiment54
144588777,144588777-9,VR-9,,regiment54
144588777,144588777-10,VR-10,,regiment54
144588777,144588777-11,VR-11,,regiment54
144588777,144588777-12,VR-12,,regiment54
144588777,144588777-13,VR-13,,regiment54
144588777,144588777-14,VR-14,,regiment54
145313160,145313160-1,VR-1,,regiment54
145313160,145313160-2,VR-2,,regiment54
145313160,145313160-3,VR-3,,regiment54
145313160,145313160-4,VR-4,,regiment54
145313160,145313160-5,VR-5,,regiment54
145313160,145313160-6,VR-6,,regiment54
145313160,145313160-7,VR-7,,regiment54
145313160,145313160-8,VR-8,,regiment54
145313160,145313160-9,VR-9,,regiment54
145313160,145313160-10,VR-10,,regiment54
145313160,145313160-11,VR-11,,regiment54
145313160,145313160-12,VR-12,,regiment54
145313160,145313160-13,VR-13,,regiment54
145313160,145313160-14,VR-14,,regiment54
144598308,144598308-1,VP-1,,regiment54
144598308,144598308-2,VP-2,,regiment54
144598308,144598308-3,VP-3,,regiment54
144598308,144598308-4,VP-4,,regiment54
144598308,144598308-5,VP-5,,regiment54
144598308,144598308-6,VP-6,,regiment54
144598308,144598308-7,VP-7,,regiment54
144598308,144598308-8,VP-8,,regiment54
144598308,144598308-9,VP-9,,regiment54
144598308,144598308-10,VP-10,,regiment54
144598308,144598308-11,VP-11,,regiment54
144598308,144598308-12,VP-12,,regiment54
144598308,144598308-13,VP-13,,regiment54
144598308,144598308-14,VP-14,,regiment54
144598308,144598308-15,VP-15,,regiment54
144598308,144598308-16,VP-16,,regiment54
144598308,144598308-17,VP-17,,regiment54
144598308,144598308-18,VP-18,,regiment54
144598308,144598308-19,VP-19,,regiment54
144598308,144598308-20,VP-20,,regiment54
144598308,144598308-21,VP-21,,regiment54
144598308,144598308-22,VP-22,,regiment54
144598308,144598308-23,VP-23,,regiment54
144598308,144598308-24,VP-24,,regiment54
144598308,144598308-25,VP-25,,regiment54
144598307,144598307-1,VP-1,,regiment54
144598307,144598307-2,VP-2,,regiment54
144598307,144598307-3,VP-3,,regiment54
144598307,144598307-4,VP-4,,regiment54
144598307,144598307-5,VP-5,,regiment54
144598307,144598307-6,VP-6,,regiment54
144598307,144598307-7,VP-7,,regiment54
144598307,144598307-8,VP-8,,regiment54
144598307,144598307-9,VP-9,,regiment54
144598307,144598307-10,VP-10,,regiment54
144598307,144598307-11,VP-11,,regiment54
144598307,144598307-12,VP-12,,regiment54
144598307,144598307-13,VP-13,,regiment54
144598307,144598307-14,VP-14,,regiment54
144598307,144598307-15,VP-15,,regiment54
144598307,144598307-16,VP-16,,regiment54
144598307,144598307-17,VP-17,,regiment54
144598307,144598307-18,VP-18,,regiment54
144598307,144598307-19,VP-19,,regiment54
144598307,144598307-20,VP-20,,regiment54
144598307,144598307-21,VP-21,,regiment54
144598307,144598307-22,VP-22,,regiment54
144598307,144598307-23,VP-23,,regiment54
144598307,144598307-24,VP-24,,regiment54
144598307,144598307-25,VP-25,,regiment54
144598306,144598306-1,VP-1,,regiment54
144598306,144598306-2,VP-2,,regiment54
144598306,144598306-3,VP-3,,regiment54
144598306,144598306-4,VP-4,,regiment54
144598306,144598306-5,VP-5,,regiment54
144598306,144598306-6,VP-6,,regiment54
144598306,144598306-7,VP-7,,regiment54
144598306,144598306-8,VP-8,,regiment54
144598306,144598306-9,VP-9,,regiment54
144598306,144598306-10,VP-10,,regiment54
144598306,144598306-11,VP-11,,regiment54
144598306,144598306-12,VP-12,,regiment54
144598306,144598306-13,VP-13,,regiment54
144598306,144598306-14,VP-14,,regiment54
144598306,144598306-15,VP-15,,regiment54
144598306,144598306-16,VP-16,,regiment54
144598306,144598306-17,VP-17,,regiment54
144598306,144598306-18,VP-18,,regiment54
144598306,144598306-19,VP-19,,regiment54
144598306,144598306-20,VP-20,,regiment54
144598306,144598306-21,VP-21,,regiment54
144598306,144598306-22,VP-22,,regiment54
144598306,144598306-23,VP-23,,regiment54
144598306,144598306-24,VP-24,,regiment54
144598306,144598306-25,VP-25,,regiment54
144598305,144598305-1,VP-1,,regiment54
144598305,144598305-2,VP-2,,regiment54
144598305,144598305-3,VP-3,,regiment54
144598305,144598305-4,VP-4,,regiment54
144598305,144598305-5,VP-5,,regiment54
144598305,144598305-6,VP-6,,regiment54
144598305,144598305-7,VP-7,,regiment54
144598305,144598305-8,VP-8,,regiment54
144598305,144598305-9,VP-9,,regiment54
144598305,144598305-10,VP-10,,regiment54
144598305,144598305-11,VP-11,,regiment54
144598305,144598305-12,VP-12,,regiment54
144598305,144598305-13,VP-13,,regiment54
144598305,144598305-14,VP-14,,regiment54
144598305,144598305-15,VP-15,,regiment54
144598305,144598305-16,VP-16,,regiment54
144598305,144598305-17,VP-17,,regiment54
144598305,144598305-18,VP-18,,regiment54
144598305,144598305-19,VP-19,,regiment54
144598305,144598305-20,VP-20,,regiment54
144598305,144598305-21,VP-21,,regiment54
144598305,144598305-22,VP-22,,regiment54
144598305,144598305-23,VP-23,,regiment54
144598305,144598305-24,VP-24,,regiment54
144598305,144598305-25,VP-25,,regiment54
144598304,144598304-1,VP-1,,regiment54
144598304,144598304-2,VP-2,,regiment54
144598304,144598304-3,VP-3,,regiment54
144598304,144598304-4,VP-4,,regiment54
144598304,144598304-5,VP-5,,regiment54
144598304,144598304-6,VP-6,,regiment54
144598304,144598304-7,VP-7,,regiment54
144598304,144598304-8,VP-8,,regiment54
144598304,144598304-9,VP-9,,regiment54
144598304,144598304-10,VP-10,,regiment54
144598304,144598304-11,VP-11,,regiment54
144598304,144598304-12,VP-12,,regiment54
144598304,144598304-13,VP-13,,regiment54
144598304,144598304-14,VP-14,,regiment54
144598304,144598304-15,VP-15,,regiment54
144598304,144598304-16,VP-16,,regiment54
144598304,144598304-17,VP-17,,regiment54
144598304,144598304-18,VP-18,,regiment54
144598304,144598304-19,VP-19,,regiment54
144598304,144598304-20,VP-20,,regiment54
144598304,144598304-21,VP-21,,regiment54
144598304,144598304-22,VP-22,,regiment54
144598304,144598304-23,VP-23,,regiment54
144598304,144598304-24,VP-24,,regiment54
144598304,144598304-25,VP-25,,regiment54
144598303,144598303-1,VP-1,,regiment54
144598303,144598303-2,VP-2,,regiment54
144598303,144598303-3,VP-3,,regiment54
144598303,144598303-4,VP-4,,regiment54
144598303,144598303-5,VP-5,,regiment54
144598303,144598303-6,VP-6,,regiment54
144598303,144598303-7,VP-7,,regiment54
144598303,144598303-8,VP-8,,regiment54
144598303,144598303-9,VP-9,,regiment54
144598303,144598303-10,VP-10,,regiment54
144598303,144598303-11,VP-11,,regiment54
144598303,144598303-12,VP-12,,regiment54
144598303,144598303-13,VP-13,,regiment54
144598303,144598303-14,VP-14,,regiment54
144598303,144598303-15,VP-15,,regiment54
144598303,144598303-16,VP-16,,regiment54
144598303,144598303-17,VP-17,,regiment54
144598303,144598303-18,VP-18,,regiment54
144598303,144598303-19,VP-19,,regiment54
144598303,144598303-20,VP-20,,regiment54
144598303,144598303-21,VP-21,,regiment54
144598303,144598303-22,VP-22,,regiment54
144598303,144598303-23,VP-23,,regiment54
144598303,144598303-24,VP-24,,regiment54
144598303,144598303-25,VP-25,,regiment54
144598301,144598301-1,VP-1,,regiment54
144598301,144598301-2,VP-2,,regiment54
144598301,144598301-3,VP-3,,regiment54
144598301,144598301-4,VP-4,,regiment54
144598301,144598301-5,VP-5,,regiment54
144598301,144598301-6,VP-6,,regiment54
144598301,144598301-7,VP-7,,regiment54
144598301,144598301-8,VP-8,,regiment54
144598301,144598301-9,VP-9,,regiment54
144598301,144598301-10,VP-10,,regiment54
144598301,144598301-11,VP-11,,regiment54
144598301,144598301-12,VP-12,,regiment54
144598301,144598301-13,VP-13,,regiment54
144598301,144598301-14,VP-14,,regiment54
144598301,144598301-15,VP-15,,regiment54
144598301,144598301-16,VP-16,,regiment54
144598301,144598301-17,VP-17,,regiment54
144598301,144598301-18,VP-18,,regiment54
144598301,144598301-19,VP-19,,regiment54
144598301,144598301-20,VP-20,,regiment54
144598301,144598301-21,VP-21,,regiment54
144598301,144598301-22,VP-22,,regiment54
144598301,144598301-23,VP-23,,regiment54
144598301,144598301-24,VP-24,,regiment54
144598301,144598301-25,VP-25,,regiment54
144975470,144975470-1,VP-1,,regiment54
144975470,144975470-2,VP-2,,regiment54
144975470,144975470-3,VP-3,,regiment54
144975470,144975470-4,VP-4,,regiment54
144975470,144975470-5,VP-5,,regiment54
144975470,144975470-6,VP-6,,regiment54
144975470,144975470-7,VP-7,,regiment54
144975470,144975470-8,VP-8,,regiment54
144975470,144975470-9,VP-9,,regiment54
144975470,144975470-10,VP-10,,regiment54
144975470,144975470-11,VP-11,,regiment54
144975470,144975470-12,VP-12,,regiment54
144975470,144975470-13,VP-13,,regiment54
144975470,144975470-14,VP-14,,regiment54
144975470,144975470-15,VP-15,,regiment54
144975470,144975470-16,VP-16,,regiment54
144975470,144975470-17,VP-17,,regiment54
144975470,144975470-18,VP-18,,regiment54
144975470,144975470-19,VP-19,,regiment54
144975470,144975470-20,VP-20,,regiment54
144975470,144975470-21,VP-21,,regiment54
144975470,144975470-22,VP-22,,regiment54
144975470,144975470-23,VP-23,,regiment54
144975470,144975470-24,VP-24,,regiment54
144975470,144975470-25,VP-25,,regiment54
144600062,144600062-1,VP-1,,regiment54
144600062,144600062-2,VP-2,,regiment54
144600062,144600062-3,VP-3,,regiment54
144600062,144600062-4,VP-4,,regiment54
144600062,144600062-5,VP-5,,regiment54
144600062,144600062-6,VP-6,,regiment54
144600062,144600062-7,VP-7,,regiment54
144600062,144600062-8,VP-8,,regiment54
144600062,144600062-9,VP-9,,regiment54
144600062,144600062-10,VP-10,,regiment54
144600062,144600062-11,VP-11,,regiment54
144600062,144600062-12,VP-12,,regiment54
144600062,144600062-13,VP-13,,regiment54
144600062,144600062-14,VP-14,,regiment54
144600062,144600062-15,VP-15,,regiment54
144600062,144600062-16,VP-16,,regiment54
144600062,144600062-17,VP-17,,regiment54
144600062,144600062-18,VP-18,,regiment54
144600062,144600062-19,VP-19,,regiment54
144600062,144600062-20,VP-20,,regiment54
144600062,144600062-21,VP-21,,regiment54
144600062,144600062-22,VP-22,,regiment54
144600062,144600062-23,VP-23,,regiment54
144600062,144600062-24,VP-24,,regiment54
144600062,144600062-25,VP-25,,regiment54
16241110,16241110-1,VE-1,,regiment54
16241110,16241110-2,VE-2,,regiment54
16241110,16241110-3,VE-3,,regiment54
16241110,16241110-4,VE-4,,regiment54
16241110,16241110-5,VE-5,,regiment54
16241110,16241110-6,VE-6,,regiment54
16241110,16241110-7,VE-7,,regiment54
16241110,16241110-8,VE-8,,regiment54
16241110,16241110-9,VE-9,,regiment54
16241110,16241110-10,VE-10,,regiment54
16241110,16241110-11,VE-11,,regiment54
16241110,16241110-12,VE-12,,regiment54
16241110,16241110-13,VE-13,,regiment54
16241110,16241110-14,VE-14,,regiment54
15629776,15629776-1,VE-1,,regiment54
15629776,15629776-2,VE-2,,regiment54
15629776,15629776-3,VE-3,,regiment54
15629776,15629776-4,VE-4,,regiment54
15629776,15629776-5,VE-5,,regiment54
15629776,15629776-6,VE-6,,regiment54
15629776,15629776-7,VE-7,,regiment54
15629776,15629776-8,VE-8,,regiment54
15629776,15629776-9,VE-9,,regiment54
15629776,15629776-10,VE-10,,regiment54
15629776,15629776-11,VE-11,,regiment54
15629776,15629776-12,VE-12,,regiment54
15629776,15629776-13,VE-13,,regiment54
15629776,15629776-14,VE-14,,regiment54
14828242,14828242-1,VE-1,,regiment54
14828242,14828242-2,VE-2,,regiment54
14828242,14828242-3,VE-3,,regiment54
14828242,14828242-4,VE-4,,regiment54
14828242,14828242-5,VE-5,,regiment54
14828242,14828242-6,VE-6,,regiment54
14828242,14828242-7,VE-7,,regiment54
14828242,14828242-8,VE-8,,regiment54
14828242,14828242-9,VE-9,,regiment54
14828242,14828242-10,VE-10,,regiment54
14828242,14828242-11,VE-11,,regiment54
14828242,14828242-12,VE-12,,regiment54
14828242,14828242-13,VE-13,,regiment54
14828242,14828242-14,VE-14,,regiment54
145919121,145919121-1,VE-1,,regiment54
145919121,145919121-2,VE-2,,regiment54
145919121,145919121-3,VE-3,,regiment54
145919121,145919121-4,VE-4,,regiment54
145919121,145919121-5,VE-5,,regiment54
145919121,145919121-6,VE-6,,regiment54
145919121,145919121-7,VE-7,,regiment54
145919121,145919121-8,VE-8,,regiment54
145919121,145919121-9,VE-9,,regiment54
145919121,145919121-10,VE-10,,regiment54
145919121,145919121-11,VE-11,,regiment54
145919121,145919121-12,VE-12,,regiment54
145919121,145919121-13,VE-13,,regiment54
145919121,145919121-14,VE-14,,regiment54
145850603,145850603-1,VE-1,,regiment54
145850603,145850603-2,VE-2,,regiment54
145850603,145850603-3,VE-3,,regiment54
145850603,145850603-4,VE-4,,regiment54
145850603,145850603-5,VE-5,,regiment54
145850603,145850603-6,VE-6,,regiment54
145850603,145850603-7,VE-7,,regiment54
145850603,145850603-8,VE-8,,regiment54
145850603,145850603-9,VE-9,,regiment54
145850603,145850603-10,VE-10,,regiment54
145850603,145850603-11,VE-11,,regiment54
145850603,145850603-12,VE-12,,regiment54
145850603,145850603-13,VE-13,,regiment54
145850603,145850603-14,VE-14,,regiment54
145850601,145850601-1,VE-1,,regiment54
145850601,145850601-2,VE-2,,regiment54
145850601,145850601-3,VE-3,,regiment54
145850601,145850601-4,VE-4,,regiment54
145850601,145850601-5,VE-5,,regiment54
145850601,145850601-6,VE-6,,regiment54
145850601,145850601-7,VE-7,,regiment54
145850601,145850601-8,VE-8,,regiment54
145850601,145850601-9,VE-9,,regiment54
145850601,145850601-10,VE-10,,regiment54
145850601,145850601-11,VE-11,,regiment54
145850601,145850601-12,VE-12,,regiment54
145850601,145850601-13,VE-13,,regiment54
145850601,145850601-14,VE-14,,regiment54
145850599,145850599-1,VE-1,,regiment54
145850599,145850599-2,VE-2,,regiment54
145850599,145850599-3,VE-3,,regiment54
145850599,145850599-4,VE-4,,regiment54
145850599,145850599-5,VE-5,,regiment54
145850599,145850599-6,VE-6,,regiment54
145850599,145850599-7,VE-7,,regiment54
145850599,145850599-8,VE-8,,regiment54
145850599,145850599-9,VE-9,,regiment54
145850599,145850599-10,VE-10,,regiment54
145850599,145850599-11,VE-11,,regiment54
145850599,145850599-12,VE-12,,regiment54
145850599,145850599-13,VE-13,,regiment54
145850599,145850599-14,VE-14,,regiment54
145624162,145624162-1,VE-1,,regiment54
145624162,145624162-2,VE-2,,regiment54
145624162,145624162-3,VE-3,,regiment54
145624162,145624162-4,VE-4,,regiment54
145624162,145624162-5,VE-5,,regiment54
145624162,145624162-6,VE-6,,regiment54
145624162,145624162-7,VE-7,,regiment54
145624162,145624162-8,VE-8,,regiment54
145624162,145624162-9,VE-9,,regiment54
145624162,145624162-10,VE-10,,regiment54
145624162,145624162-11,VE-11,,regiment54
145624162,145624162-12,VE-12,,regiment54
145624162,145624162-13,VE-13,,regiment54
145624162,145624162-14,VE-14,,regiment54
145599261,145599261-1,VS-1,,regiment54
145599261,145599261-2,VS-2,,regiment54
145599261,145599261-3,VS-3,,regiment54
145599261,145599261-4,VS-4,,regiment54
145599261,145599261-5,VS-5,,regiment54
145599261,145599261-6,VS-6,,regiment54
145599261,145599261-7,VS-7,,regiment54
145599261,145599261-8,VS-8,,regiment54
145599261,145599261-9,VS-9,,regiment54
145599261,145599261-10,VS-10,,regiment54
145599261,145599261-11,VS-11,,regiment54
145599261,145599261-12,VS-12,,regiment54
145599261,145599261-13,VS-13,,regiment54
145599261,145599261-14,VS-14,,regiment54
145599261,145599261-15,VS-15,,regiment54
145599261,145599261-16,VS-16,,regiment54
145599261,145599261-17,VS-17,,regiment54
145599261,145599261-18,VS-18,,regiment54
145599261,145599261-19,VS-19,,regiment54
145599261,145599261-20,VS-20,,regiment54
145599261,145599261-21,VS-21,,regiment54
145599261,145599261-22,VS-22,,regiment54
145599261,145599261-23,VS-23,,regiment54
145599261,145599261-24,VS-24,,regiment54
145599261,145599261-25,VS-25,,regiment54
145591249,145591249-1,VE-1,,regiment54
145591249,145591249-2,VE-2,,regiment54
145591249,145591249-3,VE-3,,regiment54
145591249,145591249-4,VE-4,,regiment54
145591249,145591249-5,VE-5,,regiment54
145591249,145591249-6,VE-6,,regiment54
145591249,145591249-7,VE-7,,regiment54
145591249,145591249-8,VE-8,,regiment54
145591249,145591249-9,VE-9,,regiment54
145591249,145591249-10,VE-10,,regiment54
145591249,145591249-11,VE-11,,regiment54
145591249,145591249-12,VE-12,,regiment54
145591249,145591249-13,VE-13,,regiment54
145591249,145591249-14,VE-14,,regiment54
145585357,145585357-1,VS-1,,regiment54
145585357,145585357-2,VS-2,,regiment54
145585357,145585357-3,VS-3,,regiment54
145585357,145585357-4,VS-4,,regiment54
145585357,145585357-5,VS-5,,regiment54
145585357,145585357-6,VS-6,,regiment54
145585357,145585357-7,VS-7,,regiment54
145585357,145585357-8,VS-8,,regiment54
145585357,145585357-9,VS-9,,regiment54
145585357,145585357-10,VS-10,,regiment54
145585357,145585357-11,VS-11,,regiment54
145585357,145585357-12,VS-12,,regiment54
145585357,145585357-13,VS-13,,regiment54
145585357,145585357-14,VS-14,,regiment54
145585357,145585357-15,VS-15,,regiment54
145585357,145585357-16,VS-16,,regiment54
145585357,145585357-17,VS-17,,regiment54
145585357,145585357-18,VS-18,,regiment54
145585357,145585357-19,VS-19,,regiment54
145585357,145585357-20,VS-20,,regiment54
145585357,145585357-21,VS-21,,regiment54
145585357,145585357-22,VS-22,,regiment54
145585357,145585357-23,VS-23,,regiment54
145585357,145585357-24,VS-24,,regiment54
145585357,145585357-25,VS-25,,regiment54
145579946,145579946-1,VS-1,,regiment54
145579946,145579946-2,VS-2,,regiment54
145579946,145579946-3,VS-3,,regiment54
145579946,145579946-4,VS-4,,regiment54
145579946,145579946-5,VS-5,,regiment54
145579946,145579946-6,VS-6,,regiment54
145579946,145579946-7,VS-7,,regiment54
145579946,145579946-8,VS-8,,regiment54
145579946,145579946-9,VS-9,,regiment54
145579946,145579946-10,VS-10,,regiment54
145579946,145579946-11,VS-11,,regiment54
145579946,145579946-12,VS-12,,regiment54
145579946,145579946-13,VS-13,,regiment54
145579946,145579946-14,VS-14,,regiment54
145579946,145579946-15,VS-15,,regiment54
145579946,145579946-16,VS-16,,regiment54
145579946,145579946-17,VS-17,,regiment54
145579946,145579946-18,VS-18,,regiment54
145579946,145579946-19,VS-19,,regiment54
145579946,145579946-20,VS-20,,regiment54
145579946,145579946-21,VS-21,,regiment54
145579946,145579946-22,VS-22,,regiment54
145579946,145579946-23,VS-23,,regiment54
145579946,145579946-24,VS-24,,regiment54
145579946,145579946-25,VS-25,,regiment54
145579945,145579945-1,VS-1,,regiment54
145579945,145579945-2,VS-2,,regiment54
145579945,145579945-3,VS-3,,regiment54
145579945,145579945-4,VS-4,,regiment54
145579945,145579945-5,VS-5,,regiment54
145579945,145579945-6,VS-6,,regiment54
145579945,145579945-7,VS-7,,regiment54
145579945,145579945-8,VS-8,,regiment54
145579945,145579945-9,VS-9,,regiment54
145579945,145579945-10,VS-10,,regiment54
145579945,145579945-11,VS-11,,regiment54
145579945,145579945-12,VS-12,,regiment54
145579945,145579945-13,VS-13,,regiment54
145579945,145579945-14,VS-14,,regiment54
145579945,145579945-15,VS-15,,regiment54
145579945,145579945-16,VS-16,,regiment54
145579945,145579945-17,VS-17,,regiment54
145579945,145579945-18,VS-18,,regiment54
145579945,145579945-19,VS-19,,regiment54
145579945,145579945-20,VS-20,,regiment54
145579945,145579945-21,VS-21,,regiment54
145579945,145579945-22,VS-22,,regiment54
145579945,145579945-23,VS-23,,regiment54
145579945,145579945-24,VS-24,,regiment54
145579945,145579945-25,VS-25,,regiment54
145579899,145579899-1,VS-1,,regiment54
145579899,145579899-2,VS-2,,regiment54
145579899,145579899-3,VS-3,,regiment54
145579899,145579899-4,VS-4,,regiment54
145579899,145579899-5,VS-5,,regiment54
145579899,145579899-6,VS-6,,regiment54
145579899,145579899-7,VS-7,,regiment54
145579899,145579899-8,VS-8,,regiment54
145579899,145579899-9,VS-9,,regiment54
145579899,145579899-10,VS-10,,regiment54
145579899,145579899-11,VS-11,,regiment54
145579899,145579899-12,VS-12,,regiment54
145579899,145579899-13,VS-13,,regiment54
145579899,145579899-14,VS-14,,regiment54
145579899,145579899-15,VS-15,,regiment54
145579899,145579899-16,VS-16,,regiment54
145579899,145579899-17,VS-17,,regiment54
145579899,145579899-18,VS-18,,regiment54
145579899,145579899-19,VS-19,,regiment54
145579899,145579899-20,VS-20,,regiment54
145579899,145579899-21,VS-21,,regiment54
145579899,145579899-22,VS-22,,regiment54
145579899,145579899-23,VS-23,,regiment54
145579899,145579899-24,VS-24,,regiment54
145579899,145579899-25,VS-25,,regiment54
145579873,145579873-1,VS-1,,regiment54
145579873,145579873-2,VS-2,,regiment54
145579873,145579873-3,VS-3,,regiment54
145579873,145579873-4,VS-4,,regiment54
145579873,145579873-5,VS-5,,regiment54
145579873,145579873-6,VS-6,,regiment54
145579873,145579873-7,VS-7,,regiment54
145579873,145579873-8,VS-8,,regiment54
145579873,145579873-9,VS-9,,regiment54
145579873,145579873-10,VS-10,,regiment54
145579873,145579873-11,VS-11,,regiment54
145579873,145579873-12,VS-12,,regiment54
145579873,145579873-13,VS-13,,regiment54
145579873,145579873-14,VS-14,,regiment54
145579873,145579873-15,VS-15,,regiment54
145579873,145579873-16,VS-16,,regiment54
145579873,145579873-17,VS-17,,regiment54
145579873,145579873-18,VS-18,,regiment54
145579873,145579873-19,VS-19,,regiment54
145579873,145579873-20,VS-20,,regiment54
145579873,145579873-21,VS-21,,regiment54
145579873,145579873-22,VS-22,,regiment54
145579873,145579873-23,VS-23,,regiment54
145579873,145579873-24,VS-24,,regiment54
145579873,145579873-25,VS-25,,regiment54
145579601,145579601-1,VE-1,,regiment54
145579601,145579601-2,VE-2,,regiment54
145579601,145579601-3,VE-3,,regiment54
145579601,145579601-4,VE-4,,regiment54
145579601,145579601-5,VE-5,,regiment54
145579601,145579601-6,VE-6,,regiment54
145579601,145579601-7,VE-7,,regiment54
145579601,145579601-8,VE-8,,regiment54
145579601,145579601-9,VE-9,,regiment54
145579601,145579601-10,VE-10,,regiment54
145579601,145579601-11,VE-11,,regiment54
145579601,145579601-12,VE-12,,regiment54
145579601,145579601-13,VE-13,,regiment54
145579601,145579601-14,VE-14,,regiment54
145579600,145579600-1,VS-1,,regiment54
145579600,145579600-2,VS-2,,regiment54
145579600,145579600-3,VS-3,,regiment54
145579600,145579600-4,VS-4,,regiment54
145579600,145579600-5,VS-5,,regiment54
145579600,145579600-6,VS-6,,regiment54
145579600,145579600-7,VS-7,,regiment54
145579600,145579600-8,VS-8,,regiment54
145579600,145579600-9,VS-9,,regiment54
145579600,145579600-10,VS-10,,regiment54
145579600,145579600-11,VS-11,,regiment54
145579600,145579600-12,VS-12,,regiment54
145579600,145579600-13,VS-13,,regiment54
145579600,145579600-14,VS-14,,regiment54
145579600,145579600-15,VS-15,,regiment54
145579600,145579600-16,VS-16,,regiment54
145579600,145579600-17,VS-17,,regiment54
145579600,145579600-18,VS-18,,regiment54
145579600,145579600-19,VS-19,,regiment54
145579600,145579600-20,VS-20,,regiment54
145579600,145579600-21,VS-21,,regiment54
145579600,145579600-22,VS-22,,regiment54
145579600,145579600-23,VS-23,,regiment54
145579600,145579600-24,VS-24,,regiment54
145579600,145579600-25,VS-25,,regiment54
145553342,145553342-1,VE-1,,regiment54
145553342,145553342-A-1,VE-1,,regiment54
145553342,145553342-2,VE-2,,regiment54
145553342,145553342-A-2,VE-2,,regiment54
145553342,145553342-3,VE-3,,regiment54
145553342,145553342-A-3,VE-3,,regiment54
145553342,145553342-4,VE-4,,regiment54
145553342,145553342-A-4,VE-4,,regiment54
145553342,145553342-5,VE-5,,regiment54
145553342,145553342-A-5,VE-5,,regiment54
145553342,145553342-6,VE-6,,regiment54
145553342,145553342-A-6,VE-6,,regiment54
145553342,145553342-7,VE-7,,regiment54
145553342,145553342-A-7,VE-7,,regiment54
145553342,145553342-8,VE-8,,regiment54
145553342,145553342-A-8,VE-8,,regiment54
145553342,145553342-9,VE-9,,regiment54
145553342,145553342-A-9,VE-9,,regiment54
145553342,145553342-10,VE-10,,regiment54
145553342,145553342-A-10,VE-10,,regiment54
145553342,145553342-11,VE-11,,regiment54
145553342,145553342-A-11,VE-11,,regiment54
145553342,145553342-12,VE-12,,regiment54
145553342,145553342-A-12,VE-12,,regiment54
145553342,145553342-13,VE-13,,regiment54
145553342,145553342-A-13,VE-13,,regiment54
145553342,145553342-14,VE-14,,regiment54
145553342,145553342-A-14,VE-14,,regiment54
145324424,145324424-1,VR-1,,regiment54
145324424,145324424-2,VR-2,,regiment54
145324424,145324424-3,VR-3,,regiment54
145324424,145324424-4,VR-4,,regiment54
145324424,145324424-5,VR-5,,regiment54
145324424,145324424-6,VR-6,,regiment54
145324424,145324424-7,VR-7,,regiment54
145324424,145324424-8,VR-8,,regiment54
145324424,145324424-9,VR-9,,regiment54
145324424,145324424-10,VR-10,,regiment54
145324424,145324424-11,VR-11,,regiment54
145324424,145324424-12,VR-12,,regiment54
145324424,145324424-13,VR-13,,regiment54
145324424,145324424-14,VR-14,,regiment54
145319231,145319231-1,VR-1,,regiment54
145319231,145319231-2,VR-2,,regiment54
145319231,145319231-3,VR-3,,regiment54
145319231,145319231-4,VR-4,,regiment54
145319231,145319231-5,VR-5,,regiment54
145319231,145319231-6,VR-6,,regiment54
145319231,145319231-7,VR-7,,regiment54
145319231,145319231-8,VR-8,,regiment54
145319231,145319231-9,VR-9,,regiment54
145319231,145319231-10,VR-10,,regiment54
145319231,145319231-11,VR-11,,regiment54
145319231,145319231-12,VR-12,,regiment54
145319231,145319231-13,VR-13,,regiment54
145319231,145319231-14,VR-14,,regiment54
145319213,145319213-1,VR-1,,regiment54
145319213,145319213-2,VR-2,,regiment54
145319213,145319213-3,VR-3,,regiment54
145319213,145319213-4,VR-4,,regiment54
145319213,145319213-5,VR-5,,regiment54
145319213,145319213-6,VR-6,,regiment54
145319213,145319213-7,VR-7,,regiment54
145319213,145319213-8,VR-8,,regiment54
145319213,145319213-9,VR-9,,regiment54
145319213,145319213-10,VR-10,,regiment54
145319213,145319213-11,VR-11,,regiment54
145319213,145319213-12,VR-12,,regiment54
145319213,145319213-13,VR-13,,regiment54
145319213,145319213-14,VR-14,,regiment54
145319212,145319212-1,VR-1,,regiment54
145319212,145319212-2,VR-2,,regiment54
145319212,145319212-3,VR-3,,regiment54
145319212,145319212-4,VR-4,,regiment54
145319212,145319212-5,VR-5,,regiment54
145319212,145319212-6,VR-6,,regiment54
145319212,145319212-7,VR-7,,regiment54
145319212,145319212-8,VR-8,,regiment54
145319212,145319212-9,VR-9,,regiment54
145319212,145319212-10,VR-10,,regiment54
145319212,145319212-11,VR-11,,regiment54
145319212,145319212-12,VR-12,,regiment54
145319212,145319212-13,VR-13,,regiment54
145319212,145319212-14,VR-14,,regiment54
145313160,145313160-1,VR-1,,regiment54
145313160,145313160-2,VR-2,,regiment54
145313160,145313160-3,VR-3,,regiment54
145313160,145313160-4,VR-4,,regiment54
145313160,145313160-5,VR-5,,regiment54
145313160,145313160-6,VR-6,,regiment54
145313160,145313160-7,VR-7,,regiment54
145313160,145313160-8,VR-8,,regiment54
145313160,145313160-9,VR-9,,regiment54
145313160,145313160-10,VR-10,,regiment54
145313160,145313160-11,VR-11,,regiment54
145313160,145313160-12,VR-12,,regiment54
145313160,145313160-13,VR-13,,regiment54
145313160,145313160-14,VR-14,,regiment54
145313159,145313159-1,VR-1,,regiment54
145313159,145313159-2,VR-2,,regiment54
145313159,145313159-3,VR-3,,regiment54
145313159,145313159-4,VR-4,,regiment54
145313159,145313159-5,VR-5,,regiment54
145313159,145313159-6,VR-6,,regiment54
145313159,145313159-7,VR-7,,regiment54
145313159,145313159-8,VR-8,,regiment54
145313159,145313159-9,VR-9,,regiment54
145313159,145313159-10,VR-10,,regiment54
145313159,145313159-11,VR-11,,regiment54
145313159,145313159-12,VR-12,,regiment54
145313159,145313159-13,VR-13,,regiment54
145313159,145313159-14,VR-14,,regiment54
145313157,145313157-1,VR-1,,regiment54
145313157,145313157-2,VR-2,,regiment54
145313157,145313157-3,VR-3,,regiment54
145313157,145313157-4,VR-4,,regiment54
145313157,145313157-5,VR-5,,regiment54
145313157,145313157-6,VR-6,,regiment54
145313157,145313157-7,VR-7,,regiment54
145313157,145313157-8,VR-8,,regiment54
145313157,145313157-9,VR-9,,regiment54
145313157,145313157-10,VR-10,,regiment54
145313157,145313157-11,VR-11,,regiment54
145313157,145313157-12,VR-12,,regiment54
145313157,145313157-13,VR-13,,regiment54
145313157,145313157-14,VR-14,,regiment54
145313156,145313156-1,VR-1,,regiment54
145313156,145313156-2,VR-2,,regiment54
145313156,145313156-3,VR-3,,regiment54
145313156,145313156-4,VR-4,,regiment54
145313156,145313156-5,VR-5,,regiment54
145313156,145313156-6,VR-6,,regiment54
145313156,145313156-7,VR-7,,regiment54
145313156,145313156-8,VR-8,,regiment54
145313156,145313156-9,VR-9,,regiment54
145313156,145313156-10,VR-10,,regiment54
145313156,145313156-11,VR-11,,regiment54
145313156,145313156-12,VR-12,,regiment54
145313156,145313156-13,VR-13,,regiment54
145313156,145313156-14,VR-14,,regiment54
145313155,145313155-1,VR-1,,regiment54
145313155,145313155-2,VR-2,,regiment54
145313155,145313155-3,VR-3,,regiment54
145313155,145313155-4,VR-4,,regiment54
145313155,145313155-5,VR-5,,regiment54
145313155,145313155-6,VR-6,,regiment54
145313155,145313155-7,VR-7,,regiment54
145313155,145313155-8,VR-8,,regiment54
145313155,145313155-9,VR-9,,regiment54
145313155,145313155-10,VR-10,,regiment54
145313155,145313155-11,VR-11,,regiment54
145313155,145313155-12,VR-12,,regiment54
145313155,145313155-13,VR-13,,regiment54
145313155,145313155-14,VR-14,,regiment54
145671828,145671828-1,VR-1,,regiment54
145671828,145671828-2,VR-2,,regiment54
145671828,145671828-3,VR-3,,regiment54
145671828,145671828-4,VR-4,,regiment54
145671828,145671828-5,VR-5,,regiment54
145671828,145671828-6,VR-6,,regiment54
145671828,145671828-7,VR-7,,regiment54
145671828,145671828-8,VR-8,,regiment54
145671828,145671828-9,VR-9,,regiment54
145671828,145671828-10,VR-10,,regiment54
145671828,145671828-11,VR-11,,regiment54
145671828,145671828-12,VR-12,,regiment54
145671828,145671828-13,VR-13,,regiment54
145671828,145671828-14,VR-14,,regiment54
145299000,145299000-1,VR-1,,regiment54
145299000,145299000-2,VR-2,,regiment54
145299000,145299000-3,VR-3,,regiment54
145299000,145299000-4,VR-4,,regiment54
145299000,145299000-5,VR-5,,regiment54
145299000,145299000-6,VR-6,,regiment54
145299000,145299000-7,VR-7,,regiment54
145299000,145299000-8,VR-8,,regiment54
145299000,145299000-9,VR-9,,regiment54
145299000,145299000-10,VR-10,,regiment54
145299000,145299000-11,VR-11,,regiment54
145299000,145299000-12,VR-12,,regiment54
145299000,145299000-13,VR-13,,regiment54
145299000,145299000-14,VR-14,,regiment54
145298998,145298998-1,VR-1,,regiment54
145298998,145298998-2,VR-2,,regiment54
145298998,145298998-3,VR-3,,regiment54
145298998,145298998-4,VR-4,,regiment54
145298998,145298998-5,VR-5,,regiment54
145298998,145298998-6,VR-6,,regiment54
145298998,145298998-7,VR-7,,regiment54
145298998,145298998-8,VR-8,,regiment54
145298998,145298998-9,VR-9,,regiment54
145298998,145298998-10,VR-10,,regiment54
145298998,145298998-11,VR-11,,regiment54
145298998,145298998-12,VR-12,,regiment54
145298998,145298998-13,VR-13,,regiment54
145298998,145298998-14,VR-14,,regiment54
145298014,145298014-1,VR-1,,regiment54
145298014,145298014-2,VR-2,,regiment54
145298014,145298014-3,VR-3,,regiment54
145298014,145298014-4,VR-4,,regiment54
145298014,145298014-5,VR-5,,regiment54
145298014,145298014-6,VR-6,,regiment54
145298014,145298014-7,VR-7,,regiment54
145298014,145298014-8,VR-8,,regiment54
145298014,145298014-9,VR-9,,regiment54
145298014,145298014-10,VR-10,,regiment54
145298014,145298014-11,VR-11,,regiment54
145298014,145298014-12,VR-12,,regiment54
145298014,145298014-13,VR-13,,regiment54
145298014,145298014-14,VR-14,,regiment54
145298004,145298004-1,VR-1,,regiment54
145298004,145298004-2,VR-2,,regiment54
145298004,145298004-3,VR-3,,regiment54
145298004,145298004-4,VR-4,,regiment54
145298004,145298004-5,VR-5,,regiment54
145298004,145298004-6,VR-6,,regiment54
145298004,145298004-7,VR-7,,regiment54
145298004,145298004-8,VR-8,,regiment54
145298004,145298004-9,VR-9,,regiment54
145298004,145298004-10,VR-10,,regiment54
145298004,145298004-11,VR-11,,regiment54
145298004,145298004-12,VR-12,,regiment54
145298004,145298004-13,VR-13,,regiment54
145298004,145298004-14,VR-14,,regiment54
145297985,145297985-1,VP-1,,regiment54
145297985,145297985-2,VP-2,,regiment54
145297985,145297985-3,VP-3,,regiment54
145297985,145297985-4,VP-4,,regiment54
145297985,145297985-5,VP-5,,regiment54
145297985,145297985-6,VP-6,,regiment54
145297985,145297985-7,VP-7,,regiment54
145297985,145297985-8,VP-8,,regiment54
145297985,145297985-9,VP-9,,regiment54
145297985,145297985-10,VP-10,,regiment54
145297985,145297985-11,VP-11,,regiment54
145297985,145297985-12,VP-12,,regiment54
145297985,145297985-13,VP-13,,regiment54
145297985,145297985-14,VP-14,,regiment54
145297985,145297985-15,VP-15,,regiment54
145297985,145297985-16,VP-16,,regiment54
145297985,145297985-17,VP-17,,regiment54
145297985,145297985-18,VP-18,,regiment54
145297985,145297985-19,VP-19,,regiment54
145297985,145297985-20,VP-20,,regiment54
145297985,145297985-21,VP-21,,regiment54
145297985,145297985-22,VP-22,,regiment54
145297985,145297985-23,VP-23,,regiment54
145297985,145297985-24,VP-24,,regiment54
145297985,145297985-25,VP-25,,regiment54
145293149,145293149-1,VR-1,,regiment54
145293149,145293149-2,VR-2,,regiment54
145293149,145293149-3,VR-3,,regiment54
145293149,145293149-4,VR-4,,regiment54
145293149,145293149-5,VR-5,,regiment54
145293149,145293149-6,VR-6,,regiment54
145293149,145293149-7,VR-7,,regiment54
145293149,145293149-8,VR-8,,regiment54
145293149,145293149-9,VR-9,,regiment54
145293149,145293149-10,VR-10,,regiment54
145293149,145293149-11,VR-11,,regiment54
145293149,145293149-12,VR-12,,regiment54
145293149,145293149-13,VR-13,,regiment54
145293149,145293149-14,VR-14,,regiment54
145293148,145293148-1,VR-1,,regiment54
145293148,145293148-2,VR-2,,regiment54
145293148,145293148-3,VR-3,,regiment54
145293148,145293148-4,VR-4,,regiment54
145293148,145293148-5,VR-5,,regiment54
145293148,145293148-6,VR-6,,regiment54
145293148,145293148-7,VR-7,,regiment54
145293148,145293148-8,VR-8,,regiment54
145293148,145293148-9,VR-9,,regiment54
145293148,145293148-10,VR-10,,regiment54
145293148,145293148-11,VR-11,,regiment54
145293148,145293148-12,VR-12,,regiment54
145293148,145293148-13,VR-13,,regiment54
145293148,145293148-14,VR-14,,regiment54
145293147,145293147-1,VR-1,,regiment54
145293147,145293147-A-1,VR-1,,regiment54
145293147,145293147-2,VR-2,,regiment54
145293147,145293147-A-2,VR-2,,regiment54
145293147,145293147-3,VR-3,,regiment54
145293147,145293147-A-3,VR-3,,regiment54
145293147,145293147-4,VR-4,,regiment54
145293147,145293147-A-4,VR-4,,regiment54
145293147,145293147-5,VR-5,,regiment54
145293147,145293147-A-5,VR-5,,regiment54
145293147,145293147-6,VR-6,,regiment54
145293147,145293147-A-6,VR-6,,regiment54
145293147,145293147-7,VR-7,,regiment54
145293147,145293147-A-7,VR-7,,regiment54
145293147,145293147-8,VR-8,,regiment54
145293147,145293147-A-8,VR-8,,regiment54
145293147,145293147-9,VR-9,,regiment54
145293147,145293147-A-9,VR-9,,regiment54
145293147,145293147-10,VR-10,,regiment54
145293147,145293147-A-10,VR-10,,regiment54
145293147,145293147-11,VR-11,,regiment54
145293147,145293147-A-11,VR-11,,regiment54
145293147,145293147-12,VR-12,,regiment54
145293147,145293147-A-12,VR-12,,regiment54
145293147,145293147-13,VR-13,,regiment54
145293147,145293147-A-13,VR-13,,regiment54
145293147,145293147-14,VR-14,,regiment54
145293147,145293147-A-14,VR-14,,regiment54
145293146,145293146-1,VR-1,,regiment54
145293146,145293146-2,VR-2,,regiment54
145293146,145293146-3,VR-3,,regiment54
145293146,145293146-4,VR-4,,regiment54
145293146,145293146-5,VR-5,,regiment54
145293146,145293146-6,VR-6,,regiment54
145293146,145293146-7,VR-7,,regiment54
145293146,145293146-8,VR-8,,regiment54
145293146,145293146-9,VR-9,,regiment54
145293146,145293146-10,VR-10,,regiment54
145293146,145293146-11,VR-11,,regiment54
145293146,145293146-12,VR-12,,regiment54
145293146,145293146-13,VR-13,,regiment54
145293146,145293146-14,VR-14,,regiment54
145293145,145293145-1,VR-1,,regiment54
145293145,145293145-2,VR-2,,regiment54
145293145,145293145-3,VR-3,,regiment54
145293145,145293145-4,VR-4,,regiment54
145293145,145293145-5,VR-5,,regiment54
145293145,145293145-6,VR-6,,regiment54
145293145,145293145-7,VR-7,,regiment54
145293145,145293145-8,VR-8,,regiment54
145293145,145293145-9,VR-9,,regiment54
145293145,145293145-10,VR-10,,regiment54
145293145,145293145-11,VR-11,,regiment54
145293145,145293145-12,VR-12,,regiment54
145293145,145293145-13,VR-13,,regiment54
145293145,145293145-14,VR-14,,regiment54
145293144,145293144-1,VR-1,,regiment54
145293144,145293144-2,VR-2,,regiment54
145293144,145293144-3,VR-3,,regiment54
145293144,145293144-4,VR-4,,regiment54
145293144,145293144-5,VR-5,,regiment54
145293144,145293144-6,VR-6,,regiment54
145293144,145293144-7,VR-7,,regiment54
145293144,145293144-8,VR-8,,regiment54
145293144,145293144-9,VR-9,,regiment54
145293144,145293144-10,VR-10,,regiment54
145293144,145293144-11,VR-11,,regiment54
145293144,145293144-12,VR-12,,regiment54
145293144,145293144-13,VR-13,,regiment54
145293144,145293144-14,VR-14,,regiment54
145293122,145293122-1,VR-1,,regiment54
145293122,145293122-2,VR-2,,regiment54
145293122,145293122-3,VR-3,,regiment54
145293122,145293122-4,VR-4,,regiment54
145293122,145293122-5,VR-5,,regiment54
145293122,145293122-6,VR-6,,regiment54
145293122,145293122-7,VR-7,,regiment54
145293122,145293122-8,VR-8,,regiment54
145293122,145293122-9,VR-9,,regiment54
145293122,145293122-10,VR-10,,regiment54
145293122,145293122-11,VR-11,,regiment54
145293122,145293122-12,VR-12,,regiment54
145293122,145293122-13,VR-13,,regiment54
145293122,145293122-14,VR-14,,regiment54
145293121,145293121-1,VR-1,,regiment54
145293121,145293121-2,VR-2,,regiment54
145293121,145293121-3,VR-3,,regiment54
145293121,145293121-4,VR-4,,regiment54
145293121,145293121-5,VR-5,,regiment54
145293121,145293121-6,VR-6,,regiment54
145293121,145293121-7,VR-7,,regiment54
145293121,145293121-8,VR-8,,regiment54
145293121,145293121-9,VR-9,,regiment54
145293121,145293121-10,VR-10,,regiment54
145293121,145293121-11,VR-11,,regiment54
145293121,145293121-12,VR-12,,regiment54
145293121,145293121-13,VR-13,,regiment54
145293121,145293121-14,VR-14,,regiment54
145293120,145293120-1,VR-1,,regiment54
145293120,145293120-2,VR-2,,regiment54
145293120,145293120-3,VR-3,,regiment54
145293120,145293120-4,VR-4,,regiment54
145293120,145293120-5,VR-5,,regiment54
145293120,145293120-6,VR-6,,regiment54
145293120,145293120-7,VR-7,,regiment54
145293120,145293120-8,VR-8,,regiment54
145293120,145293120-9,VR-9,,regiment54
145293120,145293120-10,VR-10,,regiment54
145293120,145293120-11,VR-11,,regiment54
145293120,145293120-12,VR-12,,regiment54
145293120,145293120-13,VR-13,,regiment54
145293120,145293120-14,VR-14,,regiment54
145293119,145293119-1,VR-1,,regiment54
145293119,145293119-2,VR-2,,regiment54
145293119,145293119-3,VR-3,,regiment54
145293119,145293119-4,VR-4,,regiment54
145293119,145293119-5,VR-5,,regiment54
145293119,145293119-6,VR-6,,regiment54
145293119,145293119-7,VR-7,,regiment54
145293119,145293119-8,VR-8,,regiment54
145293119,145293119-9,VR-9,,regiment54
145293119,145293119-10,VR-10,,regiment54
145293119,145293119-11,VR-11,,regiment54
145293119,145293119-12,VR-12,,regiment54
145293119,145293119-13,VR-13,,regiment54
145293119,145293119-14,VR-14,,regiment54
145293102,145293102-1,VR-1,,regiment54
145293102,145293102-2,VR-2,,regiment54
145293102,145293102-3,VR-3,,regiment54
145293102,145293102-4,VR-4,,regiment54
145293102,145293102-5,VR-5,,regiment54
145293102,145293102-6,VR-6,,regiment54
145293102,145293102-7,VR-7,,regiment54
145293102,145293102-8,VR-8,,regiment54
145293102,145293102-9,VR-9,,regiment54
145293102,145293102-10,VR-10,,regiment54
145293102,145293102-11,VR-11,,regiment54
145293102,145293102-12,VR-12,,regiment54
145293102,145293102-13,VR-13,,regiment54
145293102,145293102-14,VR-14,,regiment54
145293100,145293100-1,VR-1,,regiment54
145293100,145293100-2,VR-2,,regiment54
145293100,145293100-3,VR-3,,regiment54
145293100,145293100-4,VR-4,,regiment54
145293100,145293100-5,VR-5,,regiment54
145293100,145293100-6,VR-6,,regiment54
145293100,145293100-7,VR-7,,regiment54
145293100,145293100-8,VR-8,,regiment54
145293100,145293100-9,VR-9,,regiment54
145293100,145293100-10,VR-10,,regiment54
145293100,145293100-11,VR-11,,regiment54
145293100,145293100-12,VR-12,,regiment54
145293100,145293100-13,VR-13,,regiment54
145293100,145293100-14,VR-14,,regiment54
145293099,145293099-1,VR-1,,regiment54
145293099,145293099-2,VR-2,,regiment54
145293099,145293099-3,VR-3,,regiment54
145293099,145293099-4,VR-4,,regiment54
145293099,145293099-5,VR-5,,regiment54
145293099,145293099-6,VR-6,,regiment54
145293099,145293099-7,VR-7,,regiment54
145293099,145293099-8,VR-8,,regiment54
145293099,145293099-9,VR-9,,regiment54
145293099,145293099-10,VR-10,,regiment54
145293099,145293099-11,VR-11,,regiment54
145293099,145293099-12,VR-12,,regiment54
145293099,145293099-13,VR-13,,regiment54
145293099,145293099-14,VR-14,,regiment54
145293098,145293098-1,VR-1,,regiment54
145293098,145293098-2,VR-2,,regiment54
145293098,145293098-3,VR-3,,regiment54
145293098,145293098-4,VR-4,,regiment54
145293098,145293098-5,VR-5,,regiment54
145293098,145293098-6,VR-6,,regiment54
145293098,145293098-7,VR-7,,regiment54
145293098,145293098-8,VR-8,,regiment54
145293098,145293098-9,VR-9,,regiment54
145293098,145293098-10,VR-10,,regiment54
145293098,145293098-11,VR-11,,regiment54
145293098,145293098-12,VR-12,,regiment54
145293098,145293098-13,VR-13,,regiment54
145293098,145293098-14,VR-14,,regiment54
145293097,145293097-1,VR-1,,regiment54
145293097,145293097-2,VR-2,,regiment54
145293097,145293097-3,VR-3,,regiment54
145293097,145293097-4,VR-4,,regiment54
145293097,145293097-5,VR-5,,regiment54
145293097,145293097-6,VR-6,,regiment54
145293097,145293097-7,VR-7,,regiment54
145293097,145293097-8,VR-8,,regiment54
145293097,145293097-9,VR-9,,regiment54
145293097,145293097-10,VR-10,,regiment54
145293097,145293097-11,VR-11,,regiment54
145293097,145293097-12,VR-12,,regiment54
145293097,145293097-13,VR-13,,regiment54
145293097,145293097-14,VR-14,,regiment54
145293096,145293096-1,VR-1,,regiment54
145293096,145293096-2,VR-2,,regiment54
145293096,145293096-3,VR-3,,regiment54
145293096,145293096-4,VR-4,,regiment54
145293096,145293096-5,VR-5,,regiment54
145293096,145293096-6,VR-6,,regiment54
145293096,145293096-7,VR-7,,regiment54
145293096,145293096-8,VR-8,,regiment54
145293096,145293096-9,VR-9,,regiment54
145293096,145293096-10,VR-10,,regiment54
145293096,145293096-11,VR-11,,regiment54
145293096,145293096-12,VR-12,,regiment54
145293096,145293096-13,VR-13,,regiment54
145293096,145293096-14,VR-14,,regiment54
145293095,145293095-1,VR-1,,regiment54
145293095,145293095-2,VR-2,,regiment54
145293095,145293095-3,VR-3,,regiment54
145293095,145293095-4,VR-4,,regiment54
145293095,145293095-5,VR-5,,regiment54
145293095,145293095-6,VR-6,,regiment54
145293095,145293095-7,VR-7,,regiment54
145293095,145293095-8,VR-8,,regiment54
145293095,145293095-9,VR-9,,regiment54
145293095,145293095-10,VR-10,,regiment54
145293095,145293095-11,VR-11,,regiment54
145293095,145293095-12,VR-12,,regiment54
145293095,145293095-13,VR-13,,regiment54
145293095,145293095-14,VR-14,,regiment54
145293094,145293094-1,VR-1,,regiment54
145293094,145293094-2,VR-2,,regiment54
145293094,145293094-3,VR-3,,regiment54
145293094,145293094-4,VR-4,,regiment54
145293094,145293094-5,VR-5,,regiment54
145293094,145293094-6,VR-6,,regiment54
145293094,145293094-7,VR-7,,regiment54
145293094,145293094-8,VR-8,,regiment54
145293094,145293094-9,VR-9,,regiment54
145293094,145293094-10,VR-10,,regiment54
145293094,145293094-11,VR-11,,regiment54
145293094,145293094-12,VR-12,,regiment54
145293094,145293094-13,VR-13,,regiment54
145293094,145293094-14,VR-14,,regiment54
145293090,145293090-1,VR-1,,regiment54
145293090,145293090-2,VR-2,,regiment54
145293090,145293090-3,VR-3,,regiment54
145293090,145293090-4,VR-4,,regiment54
145293090,145293090-5,VR-5,,regiment54
145293090,145293090-6,VR-6,,regiment54
145293090,145293090-7,VR-7,,regiment54
145293090,145293090-8,VR-8,,regiment54
145293090,145293090-9,VR-9,,regiment54
145293090,145293090-10,VR-10,,regiment54
145293090,145293090-11,VR-11,,regiment54
145293090,145293090-12,VR-12,,regiment54
145293090,145293090-13,VR-13,,regiment54
145293090,145293090-14,VR-14,,regiment54
145293089,145293089-1,VR-1,,regiment54
145293089,145293089-2,VR-2,,regiment54
145293089,145293089-3,VR-3,,regiment54
145293089,145293089-4,VR-4,,regiment54
145293089,145293089-5,VR-5,,regiment54
145293089,145293089-6,VR-6,,regiment54
145293089,145293089-7,VR-7,,regiment54
145293089,145293089-8,VR-8,,regiment54
145293089,145293089-9,VR-9,,regiment54
145293089,145293089-10,VR-10,,regiment54
145293089,145293089-11,VR-11,,regiment54
145293089,145293089-12,VR-12,,regiment54
145293089,145293089-13,VR-13,,regiment54
145293089,145293089-14,VR-14,,regiment54
145293078,145293078-1,VR-1,,regiment54
145293078,145293078-2,VR-2,,regiment54
145293078,145293078-3,VR-3,,regiment54
145293078,145293078-4,VR-4,,regiment54
145293078,145293078-5,VR-5,,regiment54
145293078,145293078-6,VR-6,,regiment54
145293078,145293078-7,VR-7,,regiment54
145293078,145293078-8,VR-8,,regiment54
145293078,145293078-9,VR-9,,regiment54
145293078,145293078-10,VR-10,,regiment54
145293078,145293078-11,VR-11,,regiment54
145293078,145293078-12,VR-12,,regiment54
145293078,145293078-13,VR-13,,regiment54
145293078,145293078-14,VR-14,,regiment54
145282031,145282031-1,VE-1,,regiment54
145282031,145282031-2,VE-2,,regiment54
145282031,145282031-3,VE-3,,regiment54
145282031,145282031-4,VE-4,,regiment54
145282031,145282031-5,VE-5,,regiment54
145282031,145282031-6,VE-6,,regiment54
145282031,145282031-7,VE-7,,regiment54
145282031,145282031-8,VE-8,,regiment54
145282031,145282031-9,VE-9,,regiment54
145282031,145282031-10,VE-10,,regiment54
145282031,145282031-11,VE-11,,regiment54
145282031,145282031-12,VE-12,,regiment54
145282031,145282031-13,VE-13,,regiment54
145282031,145282031-14,VE-14,,regiment54
145282030,145282030-1,VP-1,,regiment54
145282030,145282030-2,VP-2,,regiment54
145282030,145282030-3,VP-3,,regiment54
145282030,145282030-4,VP-4,,regiment54
145282030,145282030-5,VP-5,,regiment54
145282030,145282030-6,VP-6,,regiment54
145282030,145282030-7,VP-7,,regiment54
145282030,145282030-8,VP-8,,regiment54
145282030,145282030-9,VP-9,,regiment54
145282030,145282030-10,VP-10,,regiment54
145282030,145282030-11,VP-11,,regiment54
145282030,145282030-12,VP-12,,regiment54
145282030,145282030-13,VP-13,,regiment54
145282030,145282030-14,VP-14,,regiment54
145282030,145282030-15,VP-15,,regiment54
145282030,145282030-16,VP-16,,regiment54
145282030,145282030-17,VP-17,,regiment54
145282030,145282030-18,VP-18,,regiment54
145282030,145282030-19,VP-19,,regiment54
145282030,145282030-20,VP-20,,regiment54
145282030,145282030-21,VP-21,,regiment54
145282030,145282030-22,VP-22,,regiment54
145282030,145282030-23,VP-23,,regiment54
145282030,145282030-24,VP-24,,regiment54
145282030,145282030-25,VP-25,,regiment54
145282030,145282030-A-1,VE-1,,regiment54
145282030,145282030-A-2,VE-2,,regiment54
145282030,145282030-A-3,VE-3,,regiment54
145282030,145282030-A-4,VE-4,,regiment54
145282030,145282030-A-5,VE-5,,regiment54
145282030,145282030-A-6,VE-6,,regiment54
145282030,145282030-A-7,VE-7,,regiment54
145282030,145282030-A-8,VE-8,,regiment54
145282030,145282030-A-9,VE-9,,regiment54
145282030,145282030-A-10,VE-10,,regiment54
145282030,145282030-A-11,VE-11,,regiment54
145282030,145282030-A-12,VE-12,,regiment54
145282030,145282030-A-13,VE-13,,regiment54
145282030,145282030-A-14,VE-14,,regiment54
145282029,145282029-1,VP-1,,regiment54
145282029,145282029-2,VP-2,,regiment54
145282029,145282029-3,VP-3,,regiment54
145282029,145282029-4,VP-4,,regiment54
145282029,145282029-5,VP-5,,regiment54
145282029,145282029-6,VP-6,,regiment54
145282029,145282029-7,VP-7,,regiment54
145282029,145282029-8,VP-8,,regiment54
145282029,145282029-9,VP-9,,regiment54
145282029,145282029-10,VP-10,,regiment54
145282029,145282029-11,VP-11,,regiment54
145282029,145282029-12,VP-12,,regiment54
145282029,145282029-13,VP-13,,regiment54
145282029,145282029-14,VP-14,,regiment54
145282029,145282029-15,VP-15,,regiment54
145282029,145282029-16,VP-16,,regiment54
145282029,145282029-17,VP-17,,regiment54
145282029,145282029-18,VP-18,,regiment54
145282029,145282029-19,VP-19,,regiment54
145282029,145282029-20,VP-20,,regiment54
145282029,145282029-21,VP-21,,regiment54
145282029,145282029-22,VP-22,,regiment54
145282029,145282029-23,VP-23,,regiment54
145282029,145282029-24,VP-24,,regiment54
145282029,145282029-25,VP-25,,regiment54
145282029,145282029-A-1,VE-1,,regiment54
145282029,145282029-A-2,VE-2,,regiment54
145282029,145282029-A-3,VE-3,,regiment54
145282029,145282029-A-4,VE-4,,regiment54
145282029,145282029-A-5,VE-5,,regiment54
145282029,145282029-A-6,VE-6,,regiment54
145282029,145282029-A-7,VE-7,,regiment54
145282029,145282029-A-8,VE-8,,regiment54
145282029,145282029-A-9,VE-9,,regiment54
145282029,145282029-A-10,VE-10,,regiment54
145282029,145282029-A-11,VE-11,,regiment54
145282029,145282029-A-12,VE-12,,regiment54
145282029,145282029-A-13,VE-13,,regiment54
145282029,145282029-A-14,VE-14,,regiment54
145282028,145282028-1,VP-1,,regiment54
145282028,145282028-2,VP-2,,regiment54
145282028,145282028-3,VP-3,,regiment54
145282028,145282028-4,VP-4,,regiment54
145282028,145282028-5,VP-5,,regiment54
145282028,145282028-6,VP-6,,regiment54
145282028,145282028-7,VP-7,,regiment54
145282028,145282028-8,VP-8,,regiment54
145282028,145282028-9,VP-9,,regiment54
145282028,145282028-10,VP-10,,regiment54
145282028,145282028-11,VP-11,,regiment54
145282028,145282028-12,VP-12,,regiment54
145282028,145282028-13,VP-13,,regiment54
145282028,145282028-14,VP-14,,regiment54
145282028,145282028-15,VP-15,,regiment54
145282028,145282028-16,VP-16,,regiment54
145282028,145282028-17,VP-17,,regiment54
145282028,145282028-18,VP-18,,regiment54
145282028,145282028-19,VP-19,,regiment54
145282028,145282028-20,VP-20,,regiment54
145282028,145282028-21,VP-21,,regiment54
145282028,145282028-22,VP-22,,regiment54
145282028,145282028-23,VP-23,,regiment54
145282028,145282028-24,VP-24,,regiment54
145282028,145282028-25,VP-25,,regiment54
145282028,145282028-A-1,VE-1,,regiment54
145282028,145282028-A-2,VE-2,,regiment54
145282028,145282028-A-3,VE-3,,regiment54
145282028,145282028-A-4,VE-4,,regiment54
145282028,145282028-A-5,VE-5,,regiment54
145282028,145282028-A-6,VE-6,,regiment54
145282028,145282028-A-7,VE-7,,regiment54
145282028,145282028-A-8,VE-8,,regiment54
145282028,145282028-A-9,VE-9,,regiment54
145282028,145282028-A-10,VE-10,,regiment54
145282028,145282028-A-11,VE-11,,regiment54
145282028,145282028-A-12,VE-12,,regiment54
145282028,145282028-A-13,VE-13,,regiment54
145282028,145282028-A-14,VE-14,,regiment54
145282027,145282027-1,VE-1,,regiment54
145282027,145282027-2,VE-2,,regiment54
145282027,145282027-3,VE-3,,regiment54
145282027,145282027-4,VE-4,,regiment54
145282027,145282027-5,VE-5,,regiment54
145282027,145282027-6,VE-6,,regiment54
145282027,145282027-7,VE-7,,regiment54
145282027,145282027-8,VE-8,,regiment54
145282027,145282027-9,VE-9,,regiment54
145282027,145282027-10,VE-10,,regiment54
145282027,145282027-11,VE-11,,regiment54
145282027,145282027-12,VE-12,,regiment54
145282027,145282027-13,VE-13,,regiment54
145282027,145282027-14,VE-14,,regiment54
145282025,145282025-1,VP-1,,regiment54
145282025,145282025-2,VP-2,,regiment54
145282025,145282025-3,VP-3,,regiment54
145282025,145282025-4,VP-4,,regiment54
145282025,145282025-5,VP-5,,regiment54
145282025,145282025-6,VP-6,,regiment54
145282025,145282025-7,VP-7,,regiment54
145282025,145282025-8,VP-8,,regiment54
145282025,145282025-9,VP-9,,regiment54
145282025,145282025-10,VP-10,,regiment54
145282025,145282025-11,VP-11,,regiment54
145282025,145282025-12,VP-12,,regiment54
145282025,145282025-13,VP-13,,regiment54
145282025,145282025-14,VP-14,,regiment54
145282025,145282025-15,VP-15,,regiment54
145282025,145282025-16,VP-16,,regiment54
145282025,145282025-17,VP-17,,regiment54
145282025,145282025-18,VP-18,,regiment54
145282025,145282025-19,VP-19,,regiment54
145282025,145282025-20,VP-20,,regiment54
145282025,145282025-21,VP-21,,regiment54
145282025,145282025-22,VP-22,,regiment54
145282025,145282025-23,VP-23,,regiment54
145282025,145282025-24,VP-24,,regiment54
145282025,145282025-25,VP-25,,regiment54
145282025,145282025-A-1,VE-1,,regiment54
145282025,145282025-A-2,VE-2,,regiment54
145282025,145282025-A-3,VE-3,,regiment54
145282025,145282025-A-4,VE-4,,regiment54
145282025,145282025-A-5,VE-5,,regiment54
145282025,145282025-A-6,VE-6,,regiment54
145282025,145282025-A-7,VE-7,,regiment54
145282025,145282025-A-8,VE-8,,regiment54
145282025,145282025-A-9,VE-9,,regiment54
145282025,145282025-A-10,VE-10,,regiment54
145282025,145282025-A-11,VE-11,,regiment54
145282025,145282025-A-12,VE-12,,regiment54
145282025,145282025-A-13,VE-13,,regiment54
145282025,145282025-A-14,VE-14,,regiment54
145282024,145282024-1,VE-1,,regiment54
145282024,145282024-2,VE-2,,regiment54
145282024,145282024-3,VE-3,,regiment54
145282024,145282024-4,VE-4,,regiment54
145282024,145282024-5,VE-5,,regiment54
145282024,145282024-6,VE-6,,regiment54
145282024,145282024-7,VE-7,,regiment54
145282024,145282024-8,VE-8,,regiment54
145282024,145282024-9,VE-9,,regiment54
145282024,145282024-10,VE-10,,regiment54
145282024,145282024-11,VE-11,,regiment54
145282024,145282024-12,VE-12,,regiment54
145282024,145282024-13,VE-13,,regiment54
145282024,145282024-14,VE-14,,regiment54
145282021,145282021-1,VE-1,,regiment54
145282021,145282021-2,VE-2,,regiment54
145282021,145282021-3,VE-3,,regiment54
145282021,145282021-4,VE-4,,regiment54
145282021,145282021-5,VE-5,,regiment54
145282021,145282021-6,VE-6,,regiment54
145282021,145282021-7,VE-7,,regiment54
145282021,145282021-8,VE-8,,regiment54
145282021,145282021-9,VE-9,,regiment54
145282021,145282021-10,VE-10,,regiment54
145282021,145282021-11,VE-11,,regiment54
145282021,145282021-12,VE-12,,regiment54
145282021,145282021-13,VE-13,,regiment54
145282021,145282021-14,VE-14,,regiment54
145282019,145282019-1,VE-1,,regiment54
145282019,145282019-2,VE-2,,regiment54
145282019,145282019-3,VE-3,,regiment54
145282019,145282019-4,VE-4,,regiment54
145282019,145282019-5,VE-5,,regiment54
145282019,145282019-6,VE-6,,regiment54
145282019,145282019-7,VE-7,,regiment54
145282019,145282019-8,VE-8,,regiment54
145282019,145282019-9,VE-9,,regiment54
145282019,145282019-10,VE-10,,regiment54
145282019,145282019-11,VE-11,,regiment54
145282019,145282019-12,VE-12,,regiment54
145282019,145282019-13,VE-13,,regiment54
145282019,145282019-14,VE-14,,regiment54
145282018,145282018-1,VP-1,,regiment54
145282018,145282018-2,VP-2,,regiment54
145282018,145282018-3,VP-3,,regiment54
145282018,145282018-4,VP-4,,regiment54
145282018,145282018-5,VP-5,,regiment54
145282018,145282018-6,VP-6,,regiment54
145282018,145282018-7,VP-7,,regiment54
145282018,145282018-8,VP-8,,regiment54
145282018,145282018-9,VP-9,,regiment54
145282018,145282018-10,VP-10,,regiment54
145282018,145282018-11,VP-11,,regiment54
145282018,145282018-12,VP-12,,regiment54
145282018,145282018-13,VP-13,,regiment54
145282018,145282018-14,VP-14,,regiment54
145282018,145282018-15,VP-15,,regiment54
145282018,145282018-16,VP-16,,regiment54
145282018,145282018-17,VP-17,,regiment54
145282018,145282018-18,VP-18,,regiment54
145282018,145282018-19,VP-19,,regiment54
145282018,145282018-20,VP-20,,regiment54
145282018,145282018-21,VP-21,,regiment54
145282018,145282018-22,VP-22,,regiment54
145282018,145282018-23,VP-23,,regiment54
145282018,145282018-24,VP-24,,regiment54
145282018,145282018-25,VP-25,,regiment54
145281998,145281998-1,VR-1,,regiment54
145281998,145281998-2,VR-2,,regiment54
145281998,145281998-3,VR-3,,regiment54
145281998,145281998-4,VR-4,,regiment54
145281998,145281998-5,VR-5,,regiment54
145281998,145281998-6,VR-6,,regiment54
145281998,145281998-7,VR-7,,regiment54
145281998,145281998-8,VR-8,,regiment54
145281998,145281998-9,VR-9,,regiment54
145281998,145281998-10,VR-10,,regiment54
145281998,145281998-11,VR-11,,regiment54
145281998,145281998-12,VR-12,,regiment54
145281998,145281998-13,VR-13,,regiment54
145281998,145281998-14,VR-14,,regiment54
145281997,145281997-1,VR-1,,regiment54
145281997,145281997-2,VR-2,,regiment54
145281997,145281997-3,VR-3,,regiment54
145281997,145281997-4,VR-4,,regiment54
145281997,145281997-5,VR-5,,regiment54
145281997,145281997-6,VR-6,,regiment54
145281997,145281997-7,VR-7,,regiment54
145281997,145281997-8,VR-8,,regiment54
145281997,145281997-9,VR-9,,regiment54
145281997,145281997-10,VR-10,,regiment54
145281997,145281997-11,VR-11,,regiment54
145281997,145281997-12,VR-12,,regiment54
145281997,145281997-13,VR-13,,regiment54
145281997,145281997-14,VR-14,,regiment54
145203355,145203355-1,VS-1,,regiment54
145203355,145203355-2,VS-2,,regiment54
145203355,145203355-3,VS-3,,regiment54
145203355,145203355-4,VS-4,,regiment54
145203355,145203355-5,VS-5,,regiment54
145203355,145203355-6,VS-6,,regiment54
145203355,145203355-7,VS-7,,regiment54
145203355,145203355-8,VS-8,,regiment54
145203355,145203355-9,VS-9,,regiment54
145203355,145203355-10,VS-10,,regiment54
145203355,145203355-11,VS-11,,regiment54
145203355,145203355-12,VS-12,,regiment54
145203355,145203355-13,VS-13,,regiment54
145203355,145203355-14,VS-14,,regiment54
145203355,145203355-15,VS-15,,regiment54
145203355,145203355-16,VS-16,,regiment54
145203355,145203355-17,VS-17,,regiment54
145203355,145203355-18,VS-18,,regiment54
145203355,145203355-19,VS-19,,regiment54
145203355,145203355-20,VS-20,,regiment54
145203355,145203355-21,VS-21,,regiment54
145203355,145203355-22,VS-22,,regiment54
145203355,145203355-23,VS-23,,regiment54
145203355,145203355-24,VS-24,,regiment54
145203355,145203355-25,VS-25,,regiment54
145016075,145016075-1,VR-1,,regiment54
145016075,145016075-2,VR-2,,regiment54
145016075,145016075-3,VR-3,,regiment54
145016075,145016075-4,VR-4,,regiment54
145016075,145016075-5,VR-5,,regiment54
145016075,145016075-6,VR-6,,regiment54
145016075,145016075-7,VR-7,,regiment54
145016075,145016075-8,VR-8,,regiment54
145016075,145016075-9,VR-9,,regiment54
145016075,145016075-10,VR-10,,regiment54
145016075,145016075-11,VR-11,,regiment54
145016075,145016075-12,VR-12,,regiment54
145016075,145016075-13,VR-13,,regiment54
145016075,145016075-14,VR-14,,regiment54
145015945,145015945-1,VP-1,,regiment54
145015945,145015945-2,VP-2,,regiment54
145015945,145015945-3,VP-3,,regiment54
145015945,145015945-4,VP-4,,regiment54
145015945,145015945-5,VP-5,,regiment54
145015945,145015945-6,VP-6,,regiment54
145015945,145015945-7,VP-7,,regiment54
145015945,145015945-8,VP-8,,regiment54
145015945,145015945-9,VP-9,,regiment54
145015945,145015945-10,VP-10,,regiment54
145015945,145015945-11,VP-11,,regiment54
145015945,145015945-12,VP-12,,regiment54
145015945,145015945-13,VP-13,,regiment54
145015945,145015945-14,VP-14,,regiment54
145015945,145015945-15,VP-15,,regiment54
145015945,145015945-16,VP-16,,regiment54
145015945,145015945-17,VP-17,,regiment54
145015945,145015945-18,VP-18,,regiment54
145015945,145015945-19,VP-19,,regiment54
145015945,145015945-20,VP-20,,regiment54
145015945,145015945-21,VP-21,,regiment54
145015945,145015945-22,VP-22,,regiment54
145015945,145015945-23,VP-23,,regiment54
145015945,145015945-24,VP-24,,regiment54
145015945,145015945-25,VP-25,,regiment54
145010990,145010990-1,VE-1,,regiment54
145010990,145010990-2,VE-2,,regiment54
145010990,145010990-3,VE-3,,regiment54
145010990,145010990-4,VE-4,,regiment54
145010990,145010990-5,VE-5,,regiment54
145010990,145010990-6,VE-6,,regiment54
145010990,145010990-7,VE-7,,regiment54
145010990,145010990-8,VE-8,,regiment54
145010990,145010990-9,VE-9,,regiment54
145010990,145010990-10,VE-10,,regiment54
145010990,145010990-11,VE-11,,regiment54
145010990,145010990-12,VE-12,,regiment54
145010990,145010990-13,VE-13,,regiment54
145010990,145010990-14,VE-14,,regiment54
145010702,145010702-1,VE-1,,regiment54
145010702,145010702-2,VE-2,,regiment54
145010702,145010702-3,VE-3,,regiment54
145010702,145010702-4,VE-4,,regiment54
145010702,145010702-5,VE-5,,regiment54
145010702,145010702-6,VE-6,,regiment54
145010702,145010702-7,VE-7,,regiment54
145010702,145010702-8,VE-8,,regiment54
145010702,145010702-9,VE-9,,regiment54
145010702,145010702-10,VE-10,,regiment54
145010702,145010702-11,VE-11,,regiment54
145010702,145010702-12,VE-12,,regiment54
145010702,145010702-13,VE-13,,regiment54
145010702,145010702-14,VE-14,,regiment54
145010692,145010692-1,VE-1,,regiment54
145010692,145010692-2,VE-2,,regiment54
145010692,145010692-3,VE-3,,regiment54
145010692,145010692-4,VE-4,,regiment54
145010692,145010692-5,VE-5,,regiment54
145010692,145010692-6,VE-6,,regiment54
145010692,145010692-7,VE-7,,regiment54
145010692,145010692-8,VE-8,,regiment54
145010692,145010692-9,VE-9,,regiment54
145010692,145010692-10,VE-10,,regiment54
145010692,145010692-11,VE-11,,regiment54
145010692,145010692-12,VE-12,,regiment54
145010692,145010692-13,VE-13,,regiment54
145010692,145010692-14,VE-14,,regiment54
145010691,145010691-1,VP-1,,regiment54
145010691,145010691-2,VP-2,,regiment54
145010691,145010691-3,VP-3,,regiment54
145010691,145010691-4,VP-4,,regiment54
145010691,145010691-5,VP-5,,regiment54
145010691,145010691-6,VP-6,,regiment54
145010691,145010691-7,VP-7,,regiment54
145010691,145010691-8,VP-8,,regiment54
145010691,145010691-9,VP-9,,regiment54
145010691,145010691-10,VP-10,,regiment54
145010691,145010691-11,VP-11,,regiment54
145010691,145010691-12,VP-12,,regiment54
145010691,145010691-13,VP-13,,regiment54
145010691,145010691-14,VP-14,,regiment54
145010691,145010691-15,VP-15,,regiment54
145010691,145010691-16,VP-16,,regiment54
145010691,145010691-17,VP-17,,regiment54
145010691,145010691-18,VP-18,,regiment54
145010691,145010691-19,VP-19,,regiment54
145010691,145010691-20,VP-20,,regiment54
145010691,145010691-21,VP-21,,regiment54
145010691,145010691-22,VP-22,,regiment54
145010691,145010691-23,VP-23,,regiment54
145010691,145010691-24,VP-24,,regiment54
145010691,145010691-25,VP-25,,regiment54
145010691,145010691-A-1,VS-1,,regiment54
145010691,145010691-A-2,VS-2,,regiment54
145010691,145010691-A-3,VS-3,,regiment54
145010691,145010691-A-4,VS-4,,regiment54
145010691,145010691-A-5,VS-5,,regiment54
145010691,145010691-A-6,VS-6,,regiment54
145010691,145010691-A-7,VS-7,,regiment54
145010691,145010691-A-8,VS-8,,regiment54
145010691,145010691-A-9,VS-9,,regiment54
145010691,145010691-A-10,VS-10,,regiment54
145010691,145010691-A-11,VS-11,,regiment54
145010691,145010691-A-12,VS-12,,regiment54
145010691,145010691-A-13,VS-13,,regiment54
145010691,145010691-A-14,VS-14,,regiment54
145010691,145010691-A-15,VS-15,,regiment54
145010691,145010691-A-16,VS-16,,regiment54
145010691,145010691-A-17,VS-17,,regiment54
145010691,145010691-A-18,VS-18,,regiment54
145010691,145010691-A-19,VS-19,,regiment54
145010691,145010691-A-20,VS-20,,regiment54
145010691,145010691-A-21,VS-21,,regiment54
145010691,145010691-A-22,VS-22,,regiment54
145010691,145010691-A-23,VS-23,,regiment54
145010691,145010691-A-24,VS-24,,regiment54
145010691,145010691-A-25,VS-25,,regiment54
145010647,145010647-1,VE-1,,regiment54
145010647,145010647-2,VE-2,,regiment54
145010647,145010647-3,VE-3,,regiment54
145010647,145010647-4,VE-4,,regiment54
145010647,145010647-5,VE-5,,regiment54
145010647,145010647-6,VE-6,,regiment54
145010647,145010647-7,VE-7,,regiment54
145010647,145010647-8,VE-8,,regiment54
145010647,145010647-9,VE-9,,regiment54
145010647,145010647-10,VE-10,,regiment54
145010647,145010647-11,VE-11,,regiment54
145010647,145010647-12,VE-12,,regiment54
145010647,145010647-13,VE-13,,regiment54
145010647,145010647-14,VE-14,,regiment54
144997619,144997619-1,VP-1,,regiment54
144997619,144997619-2,VP-2,,regiment54
144997619,144997619-3,VP-3,,regiment54
144997619,144997619-4,VP-4,,regiment54
144997619,144997619-5,VP-5,,regiment54
144997619,144997619-6,VP-6,,regiment54
144997619,144997619-7,VP-7,,regiment54
144997619,144997619-8,VP-8,,regiment54
144997619,144997619-9,VP-9,,regiment54
144997619,144997619-10,VP-10,,regiment54
144997619,144997619-11,VP-11,,regiment54
144997619,144997619-12,VP-12,,regiment54
144997619,144997619-13,VP-13,,regiment54
144997619,144997619-14,VP-14,,regiment54
144997619,144997619-15,VP-15,,regiment54
144997619,144997619-16,VP-16,,regiment54
144997619,144997619-17,VP-17,,regiment54
144997619,144997619-18,VP-18,,regiment54
144997619,144997619-19,VP-19,,regiment54
144997619,144997619-20,VP-20,,regiment54
144997619,144997619-21,VP-21,,regiment54
144997619,144997619-22,VP-22,,regiment54
144997619,144997619-23,VP-23,,regiment54
144997619,144997619-24,VP-24,,regiment54
144997619,144997619-25,VP-25,,regiment54
144978737,144978737-1,VP-1,,regiment54
144978737,144978737-2,VP-2,,regiment54
144978737,144978737-3,VP-3,,regiment54
144978737,144978737-4,VP-4,,regiment54
144978737,144978737-5,VP-5,,regiment54
144978737,144978737-6,VP-6,,regiment54
144978737,144978737-7,VP-7,,regiment54
144978737,144978737-8,VP-8,,regiment54
144978737,144978737-9,VP-9,,regiment54
144978737,144978737-10,VP-10,,regiment54
144978737,144978737-11,VP-11,,regiment54
144978737,144978737-12,VP-12,,regiment54
144978737,144978737-13,VP-13,,regiment54
144978737,144978737-14,VP-14,,regiment54
144978737,144978737-15,VP-15,,regiment54
144978737,144978737-16,VP-16,,regiment54
144978737,144978737-17,VP-17,,regiment54
144978737,144978737-18,VP-18,,regiment54
144978737,144978737-19,VP-19,,regiment54
144978737,144978737-20,VP-20,,regiment54
144978737,144978737-21,VP-21,,regiment54
144978737,144978737-22,VP-22,,regiment54
144978737,144978737-23,VP-23,,regiment54
144978737,144978737-24,VP-24,,regiment54
144978737,144978737-25,VP-25,,regiment54
144978736,144978736-1,VE-1,,regiment54
144978736,144978736-2,VE-2,,regiment54
144978736,144978736-3,VE-3,,regiment54
144978736,144978736-4,VE-4,,regiment54
144978736,144978736-5,VE-5,,regiment54
144978736,144978736-6,VE-6,,regiment54
144978736,144978736-7,VE-7,,regiment54
144978736,144978736-8,VE-8,,regiment54
144978736,144978736-9,VE-9,,regiment54
144978736,144978736-10,VE-10,,regiment54
144978736,144978736-11,VE-11,,regiment54
144978736,144978736-12,VE-12,,regiment54
144978736,144978736-13,VE-13,,regiment54
144978736,144978736-14,VE-14,,regiment54
144975831,144975831-1,VP-1,,regiment54
144975831,144975831-2,VP-2,,regiment54
144975831,144975831-3,VP-3,,regiment54
144975831,144975831-4,VP-4,,regiment54
144975831,144975831-5,VP-5,,regiment54
144975831,144975831-6,VP-6,,regiment54
144975831,144975831-7,VP-7,,regiment54
144975831,144975831-8,VP-8,,regiment54
144975831,144975831-9,VP-9,,regiment54
144975831,144975831-10,VP-10,,regiment54
144975831,144975831-11,VP-11,,regiment54
144975831,144975831-12,VP-12,,regiment54
144975831,144975831-13,VP-13,,regiment54
144975831,144975831-14,VP-14,,regiment54
144975831,144975831-15,VP-15,,regiment54
144975831,144975831-16,VP-16,,regiment54
144975831,144975831-17,VP-17,,regiment54
144975831,144975831-18,VP-18,,regiment54
144975831,144975831-19,VP-19,,regiment54
144975831,144975831-20,VP-20,,regiment54
144975831,144975831-21,VP-21,,regiment54
144975831,144975831-22,VP-22,,regiment54
144975831,144975831-23,VP-23,,regiment54
144975831,144975831-24,VP-24,,regiment54
144975831,144975831-25,VP-25,,regiment54
144975479,144975479-1,VE-1,,regiment54
144975479,144975479-2,VE-2,,regiment54
144975479,144975479-3,VE-3,,regiment54
144975479,144975479-4,VE-4,,regiment54
144975479,144975479-5,VE-5,,regiment54
144975479,144975479-6,VE-6,,regiment54
144975479,144975479-7,VE-7,,regiment54
144975479,144975479-8,VE-8,,regiment54
144975479,144975479-9,VE-9,,regiment54
144975479,144975479-10,VE-10,,regiment54
144975479,144975479-11,VE-11,,regiment54
144975479,144975479-12,VE-12,,regiment54
144975479,144975479-13,VE-13,,regiment54
144975479,144975479-14,VE-14,,regiment54
144975476,144975476-1,VP-1,,regiment54
144975476,144975476-2,VP-2,,regiment54
144975476,144975476-3,VP-3,,regiment54
144975476,144975476-4,VP-4,,regiment54
144975476,144975476-5,VP-5,,regiment54
144975476,144975476-6,VP-6,,regiment54
144975476,144975476-7,VP-7,,regiment54
144975476,144975476-8,VP-8,,regiment54
144975476,144975476-9,VP-9,,regiment54
144975476,144975476-10,VP-10,,regiment54
144975476,144975476-11,VP-11,,regiment54
144975476,144975476-12,VP-12,,regiment54
144975476,144975476-13,VP-13,,regiment54
144975476,144975476-14,VP-14,,regiment54
144975476,144975476-15,VP-15,,regiment54
144975476,144975476-16,VP-16,,regiment54
144975476,144975476-17,VP-17,,regiment54
144975476,144975476-18,VP-18,,regiment54
144975476,144975476-19,VP-19,,regiment54
144975476,144975476-20,VP-20,,regiment54
144975476,144975476-21,VP-21,,regiment54
144975476,144975476-22,VP-22,,regiment54
144975476,144975476-23,VP-23,,regiment54
144975476,144975476-24,VP-24,,regiment54
144975476,144975476-25,VP-25,,regiment54
144975475,144975475-1,VP-1,,regiment54
144975475,144975475-2,VP-2,,regiment54
144975475,144975475-3,VP-3,,regiment54
144975475,144975475-4,VP-4,,regiment54
144975475,144975475-5,VP-5,,regiment54
144975475,144975475-6,VP-6,,regiment54
144975475,144975475-7,VP-7,,regiment54
144975475,144975475-8,VP-8,,regiment54
144975475,144975475-9,VP-9,,regiment54
144975475,144975475-10,VP-10,,regiment54
144975475,144975475-11,VP-11,,regiment54
144975475,144975475-12,VP-12,,regiment54
144975475,144975475-13,VP-13,,regiment54
144975475,144975475-14,VP-14,,regiment54
144975475,144975475-15,VP-15,,regiment54
144975475,144975475-16,VP-16,,regiment54
144975475,144975475-17,VP-17,,regiment54
144975475,144975475-18,VP-18,,regiment54
144975475,144975475-19,VP-19,,regiment54
144975475,144975475-20,VP-20,,regiment54
144975475,144975475-21,VP-21,,regiment54
144975475,144975475-22,VP-22,,regiment54
144975475,144975475-23,VP-23,,regiment54
144975475,144975475-24,VP-24,,regiment54
144975475,144975475-25,VP-25,,regiment54
144975474,144975474-1,VP-1,,regiment54
144975474,144975474-2,VP-2,,regiment54
144975474,144975474-3,VP-3,,regiment54
144975474,144975474-4,VP-4,,regiment54
144975474,144975474-5,VP-5,,regiment54
144975474,144975474-6,VP-6,,regiment54
144975474,144975474-7,VP-7,,regiment54
144975474,144975474-8,VP-8,,regiment54
144975474,144975474-9,VP-9,,regiment54
144975474,144975474-10,VP-10,,regiment54
144975474,144975474-11,VP-11,,regiment54
144975474,144975474-12,VP-12,,regiment54
144975474,144975474-13,VP-13,,regiment54
144975474,144975474-14,VP-14,,regiment54
144975474,144975474-15,VP-15,,regiment54
144975474,144975474-16,VP-16,,regiment54
144975474,144975474-17,VP-17,,regiment54
144975474,144975474-18,VP-18,,regiment54
144975474,144975474-19,VP-19,,regiment54
144975474,144975474-20,VP-20,,regiment54
144975474,144975474-21,VP-21,,regiment54
144975474,144975474-22,VP-22,,regiment54
144975474,144975474-23,VP-23,,regiment54
144975474,144975474-24,VP-24,,regiment54
144975474,144975474-25,VP-25,,regiment54
144796578,144796578-1,VP-1,,regiment54
144796578,144796578-2,VP-2,,regiment54
144796578,144796578-3,VP-3,,regiment54
144796578,144796578-4,VP-4,,regiment54
144796578,144796578-5,VP-5,,regiment54
144796578,144796578-6,VP-6,,regiment54
144796578,144796578-7,VP-7,,regiment54
144796578,144796578-8,VP-8,,regiment54
144796578,144796578-9,VP-9,,regiment54
144796578,144796578-10,VP-10,,regiment54
144796578,144796578-11,VP-11,,regiment54
144796578,144796578-12,VP-12,,regiment54
144796578,144796578-13,VP-13,,regiment54
144796578,144796578-14,VP-14,,regiment54
144796578,144796578-15,VP-15,,regiment54
144796578,144796578-16,VP-16,,regiment54
144796578,144796578-17,VP-17,,regiment54
144796578,144796578-18,VP-18,,regiment54
144796578,144796578-19,VP-19,,regiment54
144796578,144796578-20,VP-20,,regiment54
144796578,144796578-21,VP-21,,regiment54
144796578,144796578-22,VP-22,,regiment54
144796578,144796578-23,VP-23,,regiment54
144796578,144796578-24,VP-24,,regiment54
144796578,144796578-25,VP-25,,regiment54
144784251,144784251-1,VS-1,,regiment54
144784251,144784251-2,VS-2,,regiment54
144784251,144784251-3,VS-3,,regiment54
144784251,144784251-4,VS-4,,regiment54
144784251,144784251-5,VS-5,,regiment54
144784251,144784251-6,VS-6,,regiment54
144784251,144784251-7,VS-7,,regiment54
144784251,144784251-8,VS-8,,regiment54
144784251,144784251-9,VS-9,,regiment54
144784251,144784251-10,VS-10,,regiment54
144784251,144784251-11,VS-11,,regiment54
144784251,144784251-12,VS-12,,regiment54
144784251,144784251-13,VS-13,,regiment54
144784251,144784251-14,VS-14,,regiment54
144784251,144784251-15,VS-15,,regiment54
144784251,144784251-16,VS-16,,regiment54
144784251,144784251-17,VS-17,,regiment54
144784251,144784251-18,VS-18,,regiment54
144784251,144784251-19,VS-19,,regiment54
144784251,144784251-20,VS-20,,regiment54
144784251,144784251-21,VS-21,,regiment54
144784251,144784251-22,VS-22,,regiment54
144784251,144784251-23,VS-23,,regiment54
144784251,144784251-24,VS-24,,regiment54
144784251,144784251-25,VS-25,,regiment54
144726571,144726571-1,VR-1,,regiment54
144726571,144726571-2,VR-2,,regiment54
144726571,144726571-3,VR-3,,regiment54
144726571,144726571-4,VR-4,,regiment54
144726571,144726571-5,VR-5,,regiment54
144726571,144726571-6,VR-6,,regiment54
144726571,144726571-7,VR-7,,regiment54
144726571,144726571-8,VR-8,,regiment54
144726571,144726571-9,VR-9,,regiment54
144726571,144726571-10,VR-10,,regiment54
144726571,144726571-11,VR-11,,regiment54
144726571,144726571-12,VR-12,,regiment54
144726571,144726571-13,VR-13,,regiment54
144726571,144726571-14,VR-14,,regiment54
144702089,144702089-1,VP-1,,regiment54
144702089,144702089-2,VP-2,,regiment54
144702089,144702089-3,VP-3,,regiment54
144702089,144702089-4,VP-4,,regiment54
144702089,144702089-5,VP-5,,regiment54
144702089,144702089-6,VP-6,,regiment54
144702089,144702089-7,VP-7,,regiment54
144702089,144702089-8,VP-8,,regiment54
144702089,144702089-9,VP-9,,regiment54
144702089,144702089-10,VP-10,,regiment54
144702089,144702089-11,VP-11,,regiment54
144702089,144702089-12,VP-12,,regiment54
144702089,144702089-13,VP-13,,regiment54
144702089,144702089-14,VP-14,,regiment54
144702089,144702089-15,VP-15,,regiment54
144702089,144702089-16,VP-16,,regiment54
144702089,144702089-17,VP-17,,regiment54
144702089,144702089-18,VP-18,,regiment54
144702089,144702089-19,VP-19,,regiment54
144702089,144702089-20,VP-20,,regiment54
144702089,144702089-21,VP-21,,regiment54
144702089,144702089-22,VP-22,,regiment54
144702089,144702089-23,VP-23,,regiment54
144702089,144702089-24,VP-24,,regiment54
144702089,144702089-25,VP-25,,regiment54
144695823,144695823-1,VP-1,,regiment54
144695823,144695823-2,VP-2,,regiment54
144695823,144695823-3,VP-3,,regiment54
144695823,144695823-4,VP-4,,regiment54
144695823,144695823-5,VP-5,,regiment54
144695823,144695823-6,VP-6,,regiment54
144695823,144695823-7,VP-7,,regiment54
144695823,144695823-8,VP-8,,regiment54
144695823,144695823-9,VP-9,,regiment54
144695823,144695823-10,VP-10,,regiment54
144695823,144695823-11,VP-11,,regiment54
144695823,144695823-12,VP-12,,regiment54
144695823,144695823-13,VP-13,,regiment54
144695823,144695823-14,VP-14,,regiment54
144695823,144695823-15,VP-15,,regiment54
144695823,144695823-16,VP-16,,regiment54
144695823,144695823-17,VP-17,,regiment54
144695823,144695823-18,VP-18,,regiment54
144695823,144695823-19,VP-19,,regiment54
144695823,144695823-20,VP-20,,regiment54
144695823,144695823-21,VP-21,,regiment54
144695823,144695823-22,VP-22,,regiment54
144695823,144695823-23,VP-23,,regiment54
144695823,144695823-24,VP-24,,regiment54
144695823,144695823-25,VP-25,,regiment54
144695823,144695823-A-1,VE-1,,regiment54
144695823,144695823-A-2,VE-2,,regiment54
144695823,144695823-A-3,VE-3,,regiment54
144695823,144695823-A-4,VE-4,,regiment54
144695823,144695823-A-5,VE-5,,regiment54
144695823,144695823-A-6,VE-6,,regiment54
144695823,144695823-A-7,VE-7,,regiment54
144695823,144695823-A-8,VE-8,,regiment54
144695823,144695823-A-9,VE-9,,regiment54
144695823,144695823-A-10,VE-10,,regiment54
144695823,144695823-A-11,VE-11,,regiment54
144695823,144695823-A-12,VE-12,,regiment54
144695823,144695823-A-13,VE-13,,regiment54
144695823,144695823-A-14,VE-14,,regiment54
144695822,144695822-1,VP-1,,regiment54
144695822,144695822-2,VP-2,,regiment54
144695822,144695822-3,VP-3,,regiment54
144695822,144695822-4,VP-4,,regiment54
144695822,144695822-5,VP-5,,regiment54
144695822,144695822-6,VP-6,,regiment54
144695822,144695822-7,VP-7,,regiment54
144695822,144695822-8,VP-8,,regiment54
144695822,144695822-9,VP-9,,regiment54
144695822,144695822-10,VP-10,,regiment54
144695822,144695822-11,VP-11,,regiment54
144695822,144695822-12,VP-12,,regiment54
144695822,144695822-13,VP-13,,regiment54
144695822,144695822-14,VP-14,,regiment54
144695822,144695822-15,VP-15,,regiment54
144695822,144695822-16,VP-16,,regiment54
144695822,144695822-17,VP-17,,regiment54
144695822,144695822-18,VP-18,,regiment54
144695822,144695822-19,VP-19,,regiment54
144695822,144695822-20,VP-20,,regiment54
144695822,144695822-21,VP-21,,regiment54
144695822,144695822-22,VP-22,,regiment54
144695822,144695822-23,VP-23,,regiment54
144695822,144695822-24,VP-24,,regiment54
144695822,144695822-25,VP-25,,regiment54
144588777,144588777-1,VR-1,,regiment54
144588777,144588777-2,VR-2,,regiment54
144588777,144588777-3,VR-3,,regiment54
144588777,144588777-4,VR-4,,regiment54
144588777,144588777-5,VR-5,,regiment54
144588777,144588777-6,VR-6,,regiment54
144588777,144588777-7,VR-7,,regiment54
144588777,144588777-8,VR-8,,regiment54
144588777,144588777-9,VR-9,,regiment54
144588777,144588777-10,VR-10,,regiment54
144588777,144588777-11,VR-11,,regiment54
144588777,144588777-12,VR-12,,regiment54
144588777,144588777-13,VR-13,,regiment54
144588777,144588777-14,VR-14,,regiment54
131184054,131184054-1,VE-1,,regiment54
131184054,131184054-2,VE-2,,regiment54
131184054,131184054-3,VE-3,,regiment54
131184054,131184054-4,VE-4,,regiment54
131184054,131184054-5,VE-5,,regiment54
131184054,131184054-6,VE-6,,regiment54
131184054,131184054-7,VE-7,,regiment54
131184054,131184054-8,VE-8,,regiment54
131184054,131184054-9,VE-9,,regiment54
131184054,131184054-10,VE-10,,regiment54
131184054,131184054-11,VE-11,,regiment54
131184054,131184054-12,VE-12,,regiment54
131184054,131184054-13,VE-13,,regiment54
131184054,131184054-14,VE-14,,regiment54
131184053,131184053-1,VE-1,,regiment54
131184053,131184053-2,VE-2,,regiment54
131184053,131184053-3,VE-3,,regiment54
131184053,131184053-4,VE-4,,regiment54
131184053,131184053-5,VE-5,,regiment54
131184053,131184053-6,VE-6,,regiment54
131184053,131184053-7,VE-7,,regiment54
131184053,131184053-8,VE-8,,regiment54
131184053,131184053-9,VE-9,,regiment54
131184053,131184053-10,VE-10,,regiment54
131184053,131184053-11,VE-11,,regiment54
131184053,131184053-12,VE-12,,regiment54
131184053,131184053-13,VE-13,,regiment54
131184053,131184053-14,VE-14,,regiment54
131183877,131183877-1,VE-1,,regiment54
131183877,131183877-2,VE-2,,regiment54
131183877,131183877-3,VE-3,,regiment54
131183877,131183877-4,VE-4,,regiment54
131183877,131183877-5,VE-5,,regiment54
131183877,131183877-6,VE-6,,regiment54
131183877,131183877-7,VE-7,,regiment54
131183877,131183877-8,VE-8,,regiment54
131183877,131183877-9,VE-9,,regiment54
131183877,131183877-10,VE-10,,regiment54
131183877,131183877-11,VE-11,,regiment54
131183877,131183877-12,VE-12,,regiment54
131183877,131183877-13,VE-13,,regiment54
131183877,131183877-14,VE-14,,regiment54
144726571,144726571-1,VR-1,,regiment54
144726571,144726571-2,VR-2,,regiment54
144726571,144726571-3,VR-3,,regiment54
144726571,144726571-4,VR-4,,regiment54
144726571,144726571-5,VR-5,,regiment54
144726571,144726571-6,VR-6,,regiment54
144726571,144726571-7,VR-7,,regiment54
144726571,144726571-8,VR-8,,regiment54
144726571,144726571-9,VR-9,,regiment54
144726571,144726571-10,VR-10,,regiment54
144726571,144726571-11,VR-11,,regiment54
144726571,144726571-12,VR-12,,regiment54
144726571,144726571-13,VR-13,,regiment54
144726571,144726571-14,VR-14,,regiment54
144702085,144702085-1,VP-1,,regiment54
144702085,144702085-2,VP-2,,regiment54
144702085,144702085-3,VP-3,,regiment54
144702085,144702085-4,VP-4,,regiment54
144702085,144702085-5,VP-5,,regiment54
144702085,144702085-6,VP-6,,regiment54
144702085,144702085-7,VP-7,,regiment54
144702085,144702085-8,VP-8,,regiment54
144702085,144702085-9,VP-9,,regiment54
144702085,144702085-10,VP-10,,regiment54
144702085,144702085-11,VP-11,,regiment54
144702085,144702085-12,VP-12,,regiment54
144702085,144702085-13,VP-13,,regiment54
144702085,144702085-14,VP-14,,regiment54
144702085,144702085-15,VP-15,,regiment54
144702085,144702085-16,VP-16,,regiment54
144702085,144702085-17,VP-17,,regiment54
144702085,144702085-18,VP-18,,regiment54
144702085,144702085-19,VP-19,,regiment54
144702085,144702085-20,VP-20,,regiment54
144702085,144702085-21,VP-21,,regiment54
144702085,144702085-22,VP-22,,regiment54
144702085,144702085-23,VP-23,,regiment54
144702085,144702085-24,VP-24,,regiment54